4000,596.00,0.04,5.65,5.00,29,-2.00,5.70
6120,265.00,-0.00,5.65,3.60,20,-9.00,5.08
8160,580.00,-0.00,5.65,3.80,21,1.00,5.09
10200,572.00,-0.00,5.66,3.50,22,1.00,5.09
12239,555.00,0.00,5.67,3.80,21,-1.00,5.11
14280,543.00,0.00,5.68,3.80,22,1.00,5.11
16320,532.00,-0.00,5.69,3.70,22,0.00,5.12
18360,531.00,0.00,5.69,3.90,21,-1.00,5.12
20400,529.00,0.00,5.69,4.00,21,0.00,5.12
22440,530.00,0.00,5.69,3.80,22,1.00,5.12
24480,536.00,0.19,5.63,59.40,392,370.00,6.99
26520,223.00,0.00,5.67,5.40,22,-370.00,5.23
28560,233.00,0.00,5.68,-0.90,12,-10.00,5.17
30600,558.00,0.01,5.39,241.40,1302,1290.00,4.68
32640,565.00,0.02,5.37,250.00,1343,41.00,4.69
34680,575.00,0.02,5.35,264.40,1412,69.00,4.70
36720,579.00,0.03,5.32,279.30,1482,70.00,4.71
38760,584.00,0.04,5.29,295.20,1561,79.00,4.72
40800,586.00,0.05,5.26,312.00,1640,79.00,4.73
42840,588.00,0.05,5.24,327.30,1713,73.00,4.74
44880,586.00,0.06,5.21,344.90,1795,82.00,4.75
46920,588.00,0.07,5.18,362.90,1881,86.00,4.76
48960,589.00,0.08,5.15,380.40,1959,78.00,4.76
51000,583.00,0.09,5.13,399.60,2044,85.00,4.77
53040,575.00,0.09,5.09,421.10,2144,100.00,4.79
55079,565.00,0.10,5.07,445.50,2254,110.00,4.81
57120,557.00,0.11,5.04,466.30,2351,97.00,4.82
59160,554.00,0.12,5.01,486.80,2441,90.00,4.83
61200,546.00,0.13,4.99,507.70,2533,92.00,4.84
63240,545.00,0.13,4.96,525.00,2602,69.00,4.84
65280,545.00,0.14,4.92,538.40,2649,47.00,4.85
67320,542.00,0.15,4.88,554.90,2709,60.00,4.86
69360,546.00,0.16,4.85,567.50,2753,44.00,4.86
71400,543.00,0.16,4.82,583.40,2808,55.00,4.87
73440,540.00,0.17,4.78,599.80,2867,59.00,4.87
75480,534.00,0.18,4.75,617.80,2933,66.00,4.88
79520,524.00,0.19,4.72,639.10,3010,33.00,4.89
81560,524.00,0.20,4.68,650.90,3052,42.00,4.89
83600,521.00,0.20,4.64,665.90,3090,38.00,4.90
85640,514.00,0.21,4.61,680.70,3139,49.00,4.90
87680,511.00,0.22,4.57,694.60,3176,37.00,4.90
89720,504.00,0.23,4.54,710.90,3223,47.00,4.91
91760,503.00,0.24,4.50,721.40,3247,24.00,4.91
93800,502.00,0.24,4.46,730.20,3257,10.00,4.91
95840,502.00,0.24,4.42,736.00,3254,-3.00,4.91
97880,507.00,0.24,4.46,726.30,3237,-17.00,4.91
99920,507.00,0.24,4.41,731.00,3222,-15.00,4.91
101960,515.00,0.24,4.45,714.30,3178,-44.00,4.90
104000,522.00,0.24,4.40,713.00,3138,-40.00,4.90
106040,524.00,0.24,4.44,701.00,3113,-25.00,4.90
108080,524.00,0.25,4.40,708.30,3106,-7.00,4.89
110120,525.00,0.24,4.36,713.30,3106,0.00,4.89
112160,524.00,0.25,4.40,706.70,3109,3.00,4.90
114200,524.00,0.24,4.36,711.60,3104,-5.00,4.89
116240,529.00,0.25,4.40,701.20,3085,-19.00,4.89
118280,531.00,0.24,4.35,705.30,3068,-17.00,4.89
120320,537.00,0.25,4.39,691.70,3034,-34.00,4.89
122440,541.00,0.24,4.34,691.10,2997,-37.00,4.88
124480,550.00,0.25,4.37,672.50,2940,-57.00,4.88
126520,555.00,0.24,4.33,673.50,2918,-22.00,4.87
128560,560.00,0.25,4.36,660.50,2886,-32.00,4.87
130600,562.00,0.24,4.32,660.70,2857,-29.00,4.87
132640,567.00,0.25,4.36,651.50,2842,-15.00,4.86
134680,569.00,0.24,4.32,652.70,2819,-23.00,4.86
136720,567.00,0.24,4.36,647.70,2821,2.00,4.86
138760,570.00,0.24,4.40,640.10,2819,-2.00,4.87
140800,573.00,0.24,4.36,642.80,2800,-19.00,4.86
142840,575.00,0.24,4.40,635.10,2792,-8.00,4.86
144880,574.00,0.25,4.36,642.20,2793,1.00,4.86
146920,578.00,0.24,4.31,637.10,2745,-48.00,4.86
148960,581.00,0.25,4.35,629.30,2732,-13.00,4.85
151000,583.00,0.24,4.30,629.90,2711,-21.00,4.85
153040,587.00,0.25,4.34,622.10,2699,-12.00,4.85
155080,589.00,0.24,4.30,623.80,2682,-17.00,4.85
157120,590.00,0.25,4.34,616.70,2676,-6.00,4.85
159160,589.00,0.24,4.30,622.00,2673,-3.00,4.85
161200,591.00,0.25,4.34,614.00,2667,-6.00,4.85
163240,594.00,0.24,4.29,614.30,2635,-32.00,4.84
165280,596.00,0.25,4.33,608.00,2633,-2.00,4.84
167320,597.00,0.24,4.29,611.40,2625,-8.00,4.84
169360,597.00,0.25,4.33,604.80,2620,-5.00,4.84
171400,598.00,0.24,4.28,606.40,2595,-25.00,4.84
173440,599.00,0.24,4.33,602.70,2608,13.00,4.84
175480,600.00,0.24,4.37,597.20,2609,1.00,4.84
177520,599.00,0.24,4.33,601.30,2606,-3.00,4.84
179560,597.00,0.23,4.37,600.00,2621,15.00,4.84
181600,595.00,0.22,4.42,598.00,2638,17.00,4.84
183640,596.00,0.23,4.45,589.20,2627,-11.00,4.84
185680,598.00,0.22,4.41,590.90,2604,-23.00,4.84
187720,602.00,0.23,4.45,580.70,2585,-19.00,4.84
189760,604.00,0.22,4.40,580.00,2558,-27.00,4.84
191800,610.00,0.23,4.44,568.90,2530,-28.00,4.83
193840,618.00,0.22,4.40,564.30,2483,-47.00,4.83
195880,625.00,0.23,4.43,552.60,2447,-36.00,4.82
197920,626.00,0.22,4.39,551.00,2420,-27.00,4.82
199960,630.00,0.23,4.42,541.50,2388,-32.00,4.82
202000,634.00,0.22,4.38,541.30,2372,-16.00,4.81
204040,632.00,0.21,4.42,537.70,2376,4.00,4.82
206080,632.00,0.20,4.46,534.50,2384,8.00,4.82
208120,627.00,0.20,4.51,533.90,2403,19.00,4.82
210160,625.00,0.19,4.56,531.10,2415,12.00,4.82
212200,621.00,0.18,4.60,526.90,2426,11.00,4.82
214240,617.00,0.17,4.64,524.30,2432,6.00,4.83
216280,616.00,0.18,4.68,517.20,2419,-13.00,4.82
218320,614.00,0.19,4.64,526.40,2440,21.00,4.83
220360,614.00,0.20,4.60,533.70,2450,10.00,4.83
222400,614.00,0.20,4.56,542.80,2474,24.00,4.83
224440,609.00,0.21,4.52,553.10,2498,24.00,4.83
226480,605.00,0.22,4.48,564.30,2528,30.00,4.83
228520,599.00,0.23,4.45,578.70,2575,47.00,4.84
230560,595.00,0.24,4.41,585.60,2579,4.00,4.84
232600,592.00,0.24,4.37,596.10,2606,27.00,4.84
234640,593.00,0.24,4.32,598.80,2588,-18.00,4.84
236680,595.00,0.24,4.36,592.30,2585,-3.00,4.84
238720,599.00,0.24,4.32,589.90,2549,-36.00,4.84
240760,604.00,0.24,4.36,580.20,2525,-24.00,4.83
242800,604.00,0.24,4.32,579.30,2497,-28.00,4.83
244840,610.00,0.24,4.35,569.40,2474,-23.00,4.83
248920,615.00,0.24,4.31,567.50,2443,-25.00,4.82
250960,616.00,0.24,4.35,558.60,2428,-15.00,4.82
253000,620.00,0.24,4.30,558.30,2401,-27.00,4.82
255040,623.00,0.24,4.34,550.40,2390,-11.00,4.82
257080,624.00,0.24,4.30,553.10,2375,-15.00,4.82
259120,626.00,0.24,4.34,546.60,2374,-1.00,4.81
261160,623.00,0.25,4.30,552.90,2373,-1.00,4.81
263200,617.00,0.26,4.26,562.00,2395,22.00,4.82
265240,613.00,0.27,4.22,571.00,2409,14.00,4.82
267280,608.00,0.27,4.18,581.70,2428,19.00,4.82
269320,600.00,0.28,4.14,591.70,2446,18.00,4.82
271360,599.00,0.29,4.10,598.90,2454,8.00,4.82
273400,596.00,0.28,4.06,603.90,2450,-4.00,4.82
275440,595.00,0.27,4.10,604.00,2475,25.00,4.83
277480,592.00,0.27,4.15,601.30,2494,19.00,4.83
279520,594.00,0.26,4.19,597.00,2502,8.00,4.83
281560,596.00,0.27,4.23,590.80,2500,-2.00,4.83
285600,604.00,0.26,4.18,583.60,2441,-20.00,4.82
287640,610.00,0.27,4.22,573.30,2420,-21.00,4.82
289680,615.00,0.26,4.17,564.70,2355,-65.00,4.81
291720,625.00,0.27,4.20,549.90,2312,-43.00,4.81
293760,632.00,0.26,4.16,540.20,2246,-66.00,4.79
295800,642.00,0.27,4.19,523.70,2197,-49.00,4.79
297840,648.00,0.26,4.14,514.00,2125,-72.00,4.78
299880,659.00,0.27,4.17,497.50,2076,-49.00,4.77
301920,670.00,0.26,4.12,485.20,2003,-73.00,4.77
303960,673.00,0.27,4.16,478.50,1988,-15.00,4.76
306000,674.00,0.26,4.11,474.60,1953,-35.00,4.76
308040,676.00,0.25,4.16,472.30,1963,10.00,4.76
310080,674.00,0.24,4.20,472.70,1986,23.00,4.76
312120,670.00,0.24,4.24,475.00,2011,25.00,4.77
314160,665.00,0.23,4.29,480.00,2058,47.00,4.77
316199,661.00,0.22,4.34,483.30,2094,36.00,4.78
318240,654.00,0.21,4.39,484.70,2125,31.00,4.78
320280,653.00,0.20,4.43,483.30,2140,15.00,4.78
322320,650.00,0.20,4.48,484.00,2165,25.00,4.78
324360,647.00,0.19,4.52,482.90,2178,13.00,4.79
326400,638.00,0.18,4.56,485.50,2214,36.00,4.79
328440,631.00,0.17,4.61,488.70,2252,38.00,4.79
330480,620.00,0.16,4.66,495.80,2307,55.00,4.81
332520,610.00,0.16,4.71,496.50,2332,25.00,4.81
334560,608.00,0.16,4.75,491.80,2334,2.00,4.81
336600,603.00,0.17,4.71,505.60,2381,47.00,4.82
338640,601.00,0.18,4.68,515.70,2409,28.00,4.82
340680,602.00,0.19,4.64,521.80,2417,8.00,4.82
342720,608.00,0.18,4.59,522.60,2398,-19.00,4.82
344760,612.00,0.19,4.63,509.10,2357,-41.00,4.81
348800,618.00,0.18,4.58,505.50,2322,-18.00,4.81
350840,624.00,0.19,4.61,494.70,2282,-40.00,4.81
352880,625.00,0.18,4.57,497.10,2273,-9.00,4.81
354920,629.00,0.19,4.61,486.30,2246,-27.00,4.79
356960,629.00,0.20,4.57,494.60,2261,15.00,4.81
359000,628.00,0.20,4.53,500.10,2266,5.00,4.81
361040,625.00,0.21,4.49,508.40,2281,15.00,4.81
363080,621.00,0.22,4.45,519.30,2311,30.00,4.81
365120,614.00,0.23,4.42,533.20,2354,43.00,4.81
367160,607.00,0.24,4.38,544.60,2390,36.00,4.82
369200,604.00,0.24,4.34,555.90,2409,19.00,4.82
371240,595.00,0.25,4.31,568.70,2447,38.00,4.82
373280,589.00,0.26,4.27,581.20,2483,36.00,4.83
375360,584.00,0.27,4.23,590.50,2498,15.00,4.83
377400,581.00,0.27,4.20,600.50,2509,11.00,4.83
379440,575.00,0.28,4.16,609.60,2528,19.00,4.83
381480,570.00,0.27,4.11,616.40,2530,2.00,4.83
383520,567.00,0.27,4.16,617.80,2568,38.00,4.84
385560,568.00,0.26,4.20,613.60,2580,12.00,4.84
387600,565.00,0.25,4.24,614.20,2605,25.00,4.84
389640,562.00,0.24,4.29,616.50,2647,42.00,4.84
391680,559.00,0.24,4.34,615.30,2667,20.00,4.85
393720,553.00,0.23,4.39,620.00,2721,54.00,4.85
395760,544.00,0.22,4.44,623.70,2766,45.00,4.86
397800,540.00,0.21,4.48,623.60,2792,26.00,4.86
399840,532.00,0.20,4.52,626.80,2834,42.00,4.87
401880,524.00,0.20,4.57,632.20,2880,46.00,4.87
405920,507.00,0.19,4.63,639.70,2965,24.00,4.88
407960,504.00,0.18,4.67,635.70,2968,3.00,4.88
410000,507.00,0.19,4.70,619.40,2919,-49.00,4.88
412040,516.00,0.18,4.66,618.30,2883,-36.00,4.87
414080,532.00,0.19,4.68,589.30,2764,-119.00,4.86
416120,556.00,0.18,4.62,570.30,2647,-117.00,4.85
418160,576.00,0.19,4.64,539.20,2506,-141.00,4.83
420200,591.00,0.18,4.59,525.20,2410,-96.00,4.82
422240,548.00,0.19,4.62,501.70,2319,-91.00,4.81
424280,584.00,0.20,4.58,507.70,2325,6.00,4.81
426320,569.00,0.19,4.54,510.50,2315,-10.00,4.81
428360,425.00,0.20,4.58,501.50,2298,-17.00,4.81
430400,347.00,0.19,4.54,505.10,2295,-3.00,4.81
432440,528.00,0.20,4.57,494.30,2264,-31.00,4.81
436480,568.00,0.19,4.52,488.90,2217,-27.00,4.81
438520,579.00,0.20,4.56,476.60,2172,-45.00,4.79
440560,584.00,0.19,4.52,477.90,2155,-17.00,4.79
442600,588.00,0.20,4.56,470.10,2141,-14.00,4.79
444640,586.00,0.19,4.52,472.40,2135,-6.00,4.79
446680,596.00,0.20,4.55,463.30,2109,-26.00,4.78
448720,610.00,0.19,4.50,451.60,2035,-74.00,4.77
450760,625.00,0.20,4.52,432.40,1960,-75.00,4.77
452800,636.00,0.19,4.48,421.30,1891,-69.00,4.76
454840,650.00,0.20,4.51,401.70,1810,-81.00,4.75
456880,667.00,0.19,4.45,384.80,1718,-92.00,4.74
458920,684.00,0.20,4.48,359.60,1613,-105.00,4.72
460960,703.00,0.19,4.42,340.80,1509,-104.00,4.71
463000,719.00,0.20,4.44,318.20,1418,-91.00,4.70
465040,730.00,0.19,4.39,306.80,1348,-70.00,4.69
467080,739.00,0.20,4.42,294.50,1303,-45.00,4.69
469120,745.00,0.19,4.38,289.70,1269,-34.00,4.68
471160,748.00,0.20,4.41,282.30,1245,-24.00,4.68
473200,748.00,0.19,4.37,283.00,1236,-9.00,4.68
475240,748.00,0.20,4.41,280.40,1236,0.00,4.68
477280,749.00,0.19,4.37,282.50,1234,-2.00,4.68
479320,750.00,0.20,4.41,278.30,1229,-5.00,4.68
483360,752.00,0.19,4.37,277.30,1215,-8.00,4.68
485400,755.00,0.20,4.40,272.20,1201,-14.00,4.66
487440,759.00,0.19,4.36,272.00,1186,-15.00,4.66
489480,760.00,0.20,4.40,266.00,1169,-17.00,4.66
491520,762.00,0.19,4.36,265.10,1154,-15.00,4.66
493560,766.00,0.20,4.40,261.10,1147,-7.00,4.66
495600,766.00,0.19,4.36,262.20,1140,-7.00,4.66
497640,766.00,0.20,4.40,259.10,1139,-1.00,4.66
499680,766.00,0.20,4.36,261.50,1139,0.00,4.66
501720,765.00,0.20,4.32,263.90,1138,-1.00,4.66
505760,765.00,0.19,4.36,262.50,1140,-4.00,4.66
507840,766.00,0.20,4.40,258.40,1134,-6.00,4.66
509880,768.00,0.19,4.36,258.20,1125,-9.00,4.65
511920,769.00,0.20,4.40,252.80,1111,-14.00,4.65
513960,771.00,0.19,4.35,252.50,1099,-12.00,4.65
516000,773.00,0.20,4.39,248.00,1087,-12.00,4.65
518040,777.00,0.19,4.34,247.20,1073,-14.00,4.65
520080,778.00,0.20,4.38,241.00,1058,-15.00,4.65
522120,780.00,0.19,4.34,240.60,1044,-14.00,4.64
524160,784.00,0.20,4.38,235.50,1030,-14.00,4.64
526200,787.00,0.19,4.33,234.70,1014,-16.00,4.64
528240,789.00,0.20,4.37,229.10,1003,-11.00,4.64
530280,789.00,0.19,4.33,228.60,990,-13.00,4.64
532320,793.00,0.20,4.37,224.50,982,-8.00,4.63
534360,793.00,0.19,4.32,223.70,970,-12.00,4.64
538400,796.00,0.20,4.36,219.90,959,-6.00,4.63
540440,797.00,0.19,4.32,221.30,953,-6.00,4.63
542480,798.00,0.20,4.36,218.30,950,-3.00,4.63
544520,798.00,0.19,4.32,218.60,947,-3.00,4.63
546560,800.00,0.20,4.36,216.30,944,-3.00,4.63
548600,800.00,0.19,4.32,217.30,939,-5.00,4.63
550640,800.00,0.20,4.36,214.70,936,-3.00,4.63
552680,801.00,0.19,4.32,215.50,932,-4.00,4.63
554720,801.00,0.20,4.36,213.00,930,-2.00,4.63
556760,801.00,0.20,4.32,215.10,927,-3.00,4.63
560800,802.00,0.20,4.28,215.60,921,-1.00,4.63
562840,803.00,0.19,4.32,214.40,922,1.00,4.63
564880,800.00,0.20,4.36,211.70,925,3.00,4.63
566920,801.00,0.20,4.32,213.80,921,-4.00,4.63
568960,803.00,0.20,4.28,215.30,920,-1.00,4.63
571000,802.00,0.19,4.32,213.60,922,2.00,4.63
573040,803.00,0.18,4.36,211.90,922,0.00,4.63
575080,803.00,0.19,4.40,209.40,920,-2.00,4.63
577120,802.00,0.20,4.36,211.80,919,-1.00,4.63
579160,801.00,0.19,4.32,212.30,915,-4.00,4.63
583200,803.00,0.20,4.36,209.70,913,-2.00,4.63
585240,805.00,0.20,4.32,211.90,911,-2.00,4.63
587280,804.00,0.20,4.28,212.70,909,-2.00,4.63
589320,804.00,0.19,4.32,211.70,910,1.00,4.63
591360,802.00,0.18,4.36,210.10,914,4.00,4.63
593400,802.00,0.17,4.40,208.30,918,4.00,4.63
595440,803.00,0.16,4.44,207.90,921,3.00,4.63
597480,801.00,0.17,4.48,206.00,923,2.00,4.63
599520,801.00,0.18,4.44,209.50,932,9.00,4.63
601560,798.00,0.19,4.40,213.20,938,6.00,4.63
603600,799.00,0.20,4.36,216.50,943,5.00,4.63
605640,798.00,0.20,4.32,218.60,945,2.00,4.63
607680,798.00,0.21,4.28,220.70,943,-2.00,4.63
609720,798.00,0.22,4.24,223.00,942,-1.00,4.63
611760,797.00,0.21,4.20,223.40,940,-2.00,4.63
613800,796.00,0.20,4.24,221.90,943,3.00,4.63
615840,797.00,0.20,4.28,220.30,944,1.00,4.63
617880,797.00,0.19,4.32,218.90,945,1.00,4.63
619920,797.00,0.18,4.36,217.50,945,0.00,4.63
621960,795.00,0.19,4.40,215.40,948,3.00,4.63
624000,797.00,0.18,4.36,217.20,948,0.00,4.63
626040,796.00,0.19,4.40,214.80,947,-1.00,4.63
628080,795.00,0.20,4.36,217.40,950,3.00,4.63
630120,795.00,0.19,4.32,219.00,949,-1.00,4.63
632160,794.00,0.18,4.36,217.90,950,1.00,4.63
634200,796.00,0.19,4.40,215.40,947,-3.00,4.63
638240,798.00,0.18,4.36,215.20,940,-3.00,4.63
640320,798.00,0.19,4.40,213.10,935,-5.00,4.63
642400,799.00,0.18,4.36,213.50,931,-4.00,4.63
644440,798.00,0.19,4.40,211.00,930,-1.00,4.63
646480,798.00,0.18,4.36,212.50,929,-1.00,4.63
648520,799.00,0.17,4.40,210.60,926,-3.00,4.63
650560,799.00,0.18,4.44,207.50,923,-3.00,4.63
652600,799.00,0.17,4.40,209.00,920,-3.00,4.63
654640,801.00,0.18,4.44,205.30,915,-5.00,4.63
656680,802.00,0.17,4.40,206.30,909,-6.00,4.63
658720,803.00,0.18,4.44,202.50,900,-9.00,4.63
660760,803.00,0.17,4.40,204.20,895,-5.00,4.62
662800,804.00,0.18,4.44,200.50,891,-4.00,4.62
664840,803.00,0.19,4.40,202.50,891,0.00,4.62
666880,805.00,0.18,4.36,203.70,887,-4.00,4.62
668920,802.00,0.19,4.40,201.80,887,0.00,4.62
670960,803.00,0.20,4.36,204.20,889,2.00,4.62
673000,804.00,0.20,4.32,206.70,889,0.00,4.62
675040,802.00,0.20,4.28,208.00,889,0.00,4.62
677080,802.00,0.19,4.32,207.20,896,7.00,4.62
679120,801.00,0.18,4.36,207.50,901,5.00,4.62
681160,798.00,0.17,4.40,207.20,911,10.00,4.63
683200,799.00,0.16,4.44,206.70,918,7.00,4.63
685240,796.00,0.16,4.48,205.60,922,4.00,4.63
689280,797.00,0.16,4.52,202.10,915,-3.00,4.63
691320,798.00,0.16,4.48,202.50,908,-7.00,4.63
693360,800.00,0.16,4.52,198.90,897,-11.00,4.62
695400,800.00,0.16,4.48,198.70,886,-11.00,4.62
697440,802.00,0.16,4.52,193.90,875,-11.00,4.62
699480,804.00,0.16,4.48,193.80,868,-7.00,4.62
701520,805.00,0.16,4.52,190.20,859,-9.00,4.62
703560,805.00,0.16,4.48,191.70,857,-2.00,4.62
705600,806.00,0.16,4.52,189.20,852,-5.00,4.62
707640,806.00,0.17,4.48,191.30,855,3.00,4.62
709680,806.00,0.16,4.44,192.90,856,1.00,4.62
711720,805.00,0.16,4.48,192.40,859,3.00,4.62
713760,804.00,0.15,4.52,191.40,863,4.00,4.62
715800,803.00,0.16,4.56,189.60,864,1.00,4.62
717840,800.00,0.16,4.52,193.60,872,8.00,4.62
719880,800.00,0.17,4.48,196.10,878,6.00,4.62
721920,801.00,0.18,4.44,197.90,879,1.00,4.62
723960,800.00,0.17,4.40,199.50,877,-2.00,4.62
726000,800.00,0.18,4.44,196.60,873,-4.00,4.62
728040,801.00,0.17,4.40,198.00,868,-5.00,4.62
730080,802.00,0.18,4.44,194.20,861,-7.00,4.62
732120,802.00,0.17,4.39,194.30,852,-9.00,4.62
734160,805.00,0.18,4.43,191.00,848,-4.00,4.62
736200,805.00,0.17,4.39,192.30,844,-4.00,4.62
738240,805.00,0.18,4.43,190.40,841,-3.00,4.62
740280,803.00,0.17,4.39,191.60,839,-2.00,4.62
742320,804.00,0.18,4.43,189.40,839,0.00,4.62
744360,803.00,0.19,4.39,192.00,838,-1.00,4.62
746400,805.00,0.18,4.35,192.40,839,1.00,4.62
748440,803.00,0.17,4.39,190.70,836,-3.00,4.62
750480,806.00,0.18,4.43,188.30,832,-4.00,4.62
752520,806.00,0.17,4.39,189.80,829,-3.00,4.61
754560,806.00,0.18,4.43,186.10,823,-6.00,4.61
756600,806.00,0.17,4.38,187.20,819,-4.00,4.61
758640,806.00,0.18,4.43,184.00,814,-5.00,4.62
760680,806.00,0.17,4.38,185.60,813,-1.00,4.61
762720,807.00,0.18,4.42,183.10,812,-1.00,4.61
764760,806.00,0.19,4.38,185.40,810,-2.00,4.61
766840,806.00,0.18,4.34,186.70,808,-2.00,4.61
768880,807.00,0.19,4.38,184.40,808,0.00,4.61
770920,807.00,0.20,4.34,186.30,807,-1.00,4.61
772960,807.00,0.19,4.30,187.50,804,-3.00,4.61
775000,806.00,0.18,4.34,186.20,806,2.00,4.61
779040,806.00,0.17,4.38,184.80,810,2.00,4.61
781080,803.00,0.16,4.42,183.80,813,3.00,4.61
783120,804.00,0.16,4.47,182.20,814,1.00,4.62
785160,802.00,0.16,4.51,180.40,814,0.00,4.61
787200,802.00,0.17,4.47,184.30,820,6.00,4.62
789240,801.00,0.18,4.43,186.60,825,5.00,4.61
791280,799.00,0.19,4.39,188.80,827,2.00,4.62
793320,800.00,0.20,4.35,191.40,831,4.00,4.62
795360,799.00,0.20,4.31,193.90,834,3.00,4.61
797400,798.00,0.20,4.27,195.50,836,2.00,4.61
801440,796.00,0.19,4.31,196.90,846,4.00,4.62
803480,794.00,0.18,4.35,196.80,853,7.00,4.62
805520,792.00,0.17,4.40,196.60,863,10.00,4.62
807560,792.00,0.16,4.44,196.70,872,9.00,4.62
809600,789.00,0.16,4.48,196.70,880,8.00,4.62
811640,789.00,0.15,4.52,196.20,885,5.00,4.62
813680,788.00,0.14,4.56,195.70,891,6.00,4.62
815720,785.00,0.15,4.60,194.00,894,3.00,4.62
817760,783.00,0.16,4.56,199.00,906,12.00,4.63
819800,783.00,0.16,4.52,203.10,917,11.00,4.63
821840,780.00,0.17,4.48,207.10,928,11.00,4.63
823880,776.00,0.18,4.45,211.70,944,16.00,4.63
825920,776.00,0.19,4.41,217.30,956,12.00,4.63
827960,774.00,0.20,4.37,221.90,969,13.00,4.63
830000,771.00,0.20,4.33,226.70,980,11.00,4.63
832040,766.00,0.21,4.29,230.80,989,9.00,4.63
834080,763.00,0.22,4.25,234.90,997,8.00,4.63
836120,762.00,0.23,4.21,239.20,1005,8.00,4.64
838160,758.00,0.24,4.17,243.80,1017,12.00,4.64
840200,755.00,0.24,4.14,248.10,1024,7.00,4.64
842240,752.00,0.25,4.10,252.50,1029,5.00,4.64
844280,751.00,0.24,4.05,253.70,1030,1.00,4.64
846320,750.00,0.24,4.10,255.60,1047,17.00,4.64
848360,746.00,0.23,4.14,256.40,1063,16.00,4.64
850400,747.00,0.22,4.19,257.60,1076,13.00,4.65
852440,744.00,0.21,4.23,258.20,1087,11.00,4.64
856480,745.00,0.22,4.27,255.50,1090,-6.00,4.65
858520,744.00,0.21,4.23,254.80,1080,-10.00,4.65
860560,747.00,0.20,4.27,252.90,1076,-4.00,4.65
862600,747.00,0.21,4.31,248.50,1069,-7.00,4.65
864640,749.00,0.20,4.26,247.30,1054,-15.00,4.64
866680,751.00,0.21,4.31,242.80,1047,-7.00,4.64
868720,752.00,0.20,4.26,241.60,1029,-18.00,4.64
870760,754.00,0.21,4.30,238.00,1025,-4.00,4.64
872800,753.00,0.20,4.26,237.90,1014,-11.00,4.64
874840,754.00,0.20,4.30,237.40,1019,5.00,4.64
878880,751.00,0.19,4.34,236.70,1025,3.00,4.64
880920,750.00,0.18,4.38,235.20,1031,6.00,4.64
882960,749.00,0.17,4.43,234.00,1036,5.00,4.64
885000,749.00,0.16,4.47,232.00,1037,1.00,4.64
887040,751.00,0.17,4.51,227.90,1030,-7.00,4.64
889080,751.00,0.16,4.46,229.30,1019,-11.00,4.64
891120,753.00,0.17,4.50,223.80,1006,-13.00,4.64
893160,754.00,0.16,4.46,223.30,995,-11.00,4.64
895200,755.00,0.17,4.49,218.20,980,-15.00,4.63
897240,757.00,0.16,4.45,216.70,965,-15.00,4.63
899320,760.00,0.17,4.49,213.10,956,-9.00,4.63
901360,760.00,0.16,4.45,214.60,951,-5.00,4.63
903400,760.00,0.17,4.49,211.30,951,0.00,4.63
905440,759.00,0.18,4.45,214.10,953,2.00,4.63
907480,758.00,0.19,4.41,216.70,956,3.00,4.63
909520,758.00,0.20,4.37,219.70,959,3.00,4.63
911560,755.00,0.20,4.33,222.90,963,4.00,4.63
913600,755.00,0.21,4.29,225.50,966,3.00,4.63
915640,755.00,0.20,4.25,227.60,966,0.00,4.63
919680,752.00,0.20,4.29,228.60,978,4.00,4.63
921720,751.00,0.19,4.33,227.90,984,6.00,4.64
923760,749.00,0.18,4.37,226.20,991,7.00,4.64
925800,750.00,0.17,4.42,225.60,995,4.00,4.64
927840,748.00,0.16,4.46,224.30,1001,6.00,4.64
929880,747.00,0.16,4.50,223.60,1005,4.00,4.64
931920,746.00,0.15,4.54,222.00,1007,2.00,4.64
933960,744.00,0.14,4.58,220.20,1007,0.00,4.64
936000,743.00,0.15,4.62,217.30,1004,-3.00,4.64
938040,743.00,0.16,4.58,220.50,1010,6.00,4.64
942080,743.00,0.16,4.54,222.50,1012,0.00,4.64
944120,743.00,0.17,4.50,225.10,1012,0.00,4.64
946160,742.00,0.18,4.46,227.70,1012,0.00,4.64
948200,740.00,0.19,4.42,230.00,1015,3.00,4.64
950240,740.00,0.20,4.38,232.80,1020,5.00,4.64
952280,737.00,0.20,4.34,236.20,1026,6.00,4.64
954320,736.00,0.21,4.30,240.30,1035,9.00,4.64
956360,734.00,0.22,4.26,245.00,1041,6.00,4.64
958400,732.00,0.23,4.22,248.40,1048,7.00,4.64
960440,730.00,0.24,4.18,251.70,1052,4.00,4.64
964480,725.00,0.24,4.14,257.50,1064,9.00,4.64
966520,724.00,0.24,4.10,259.70,1062,-2.00,4.64
968560,724.00,0.23,4.15,259.40,1073,11.00,4.64
970600,722.00,0.22,4.19,258.00,1080,7.00,4.65
972640,722.00,0.21,4.23,256.00,1084,4.00,4.64
974680,723.00,0.20,4.27,254.70,1084,0.00,4.65
978720,721.00,0.20,4.32,255.20,1102,11.00,4.65
980760,717.00,0.19,4.36,259.00,1126,24.00,4.65
982800,711.00,0.18,4.40,264.40,1163,37.00,4.66
984840,703.00,0.17,4.46,272.50,1212,49.00,4.66
986880,694.00,0.16,4.51,281.70,1267,55.00,4.68
988920,684.00,0.16,4.56,292.10,1326,59.00,4.69
990960,674.00,0.15,4.60,298.40,1375,49.00,4.70
993000,669.00,0.14,4.65,303.00,1407,32.00,4.70
995040,667.00,0.13,4.70,302.80,1419,12.00,4.70
997080,666.00,0.14,4.73,298.10,1410,-9.00,4.70
1001120,666.00,0.15,4.69,301.10,1410,-4.00,4.70
1003160,666.00,0.14,4.65,303.40,1411,1.00,4.70
1005200,665.00,0.13,4.69,300.90,1410,-1.00,4.70
1007240,661.00,0.13,4.73,298.90,1415,5.00,4.70
1009280,657.00,0.12,4.78,299.60,1432,17.00,4.70
1011320,651.00,0.11,4.82,300.30,1444,12.00,4.70
1013360,646.00,0.10,4.87,297.90,1446,2.00,4.70
1015400,643.00,0.09,4.91,295.60,1453,7.00,4.71
1017440,642.00,0.10,4.94,289.70,1432,-21.00,4.70
1019480,643.00,0.11,4.90,294.50,1448,16.00,4.70
1021520,647.00,0.10,4.86,296.00,1439,-9.00,4.70
1023560,650.00,0.11,4.90,285.40,1399,-40.00,4.70
1025600,654.00,0.10,4.85,286.60,1391,-8.00,4.70
1027640,657.00,0.11,4.88,276.40,1354,-37.00,4.69
1031680,660.00,0.12,4.85,279.10,1351,-1.00,4.69
1033720,656.00,0.13,4.81,288.60,1385,34.00,4.70
1035800,654.00,0.13,4.77,296.70,1414,29.00,4.70
1037840,649.00,0.14,4.74,306.30,1450,36.00,4.71
1039880,644.00,0.15,4.70,314.10,1479,29.00,4.71
1041920,642.00,0.16,4.67,322.30,1502,23.00,4.71
1043960,640.00,0.16,4.63,328.70,1520,18.00,4.71
1046000,639.00,0.17,4.59,332.50,1527,7.00,4.71
1048040,639.00,0.16,4.55,334.80,1525,-2.00,4.71
1050080,640.00,0.17,4.59,330.00,1516,-9.00,4.71
1052120,639.00,0.16,4.55,332.80,1511,-5.00,4.71
1054160,639.00,0.17,4.59,327.20,1501,-10.00,4.71
1056200,639.00,0.18,4.54,331.70,1503,2.00,4.71
1058240,639.00,0.17,4.50,332.50,1494,-9.00,4.71
1060280,640.00,0.18,4.54,327.50,1489,-5.00,4.71
1062320,641.00,0.19,4.50,330.50,1487,-2.00,4.71
1064360,640.00,0.20,4.46,333.60,1487,0.00,4.71
1066400,639.00,0.19,4.42,335.40,1482,-5.00,4.71
1068440,640.00,0.20,4.46,331.60,1479,-3.00,4.71
1070480,639.00,0.19,4.41,332.80,1466,-13.00,4.71
1072520,640.00,0.20,4.45,326.90,1457,-9.00,4.70
1074560,646.00,0.19,4.40,323.10,1426,-31.00,4.70
1076600,651.00,0.20,4.44,311.70,1388,-38.00,4.70
1078640,657.00,0.19,4.40,304.10,1340,-48.00,4.69
1080680,665.00,0.20,4.43,291.30,1291,-49.00,4.68
1082720,672.00,0.19,4.37,282.90,1240,-51.00,4.68
1084760,677.00,0.20,4.41,272.20,1205,-35.00,4.66
1086800,682.00,0.19,4.36,266.70,1164,-41.00,4.66
1088840,688.00,0.20,4.40,257.60,1132,-32.00,4.65
1090880,692.00,0.19,4.36,252.80,1104,-28.00,4.65
1092920,692.00,0.20,4.39,246.90,1084,-20.00,4.65
1094960,696.00,0.19,4.35,245.80,1066,-18.00,4.65
1097000,697.00,0.20,4.39,240.30,1057,-9.00,4.64
1099040,699.00,0.19,4.34,239.80,1041,-16.00,4.64
1101080,700.00,0.20,4.38,236.60,1036,-5.00,4.64
1103120,698.00,0.19,4.34,237.00,1026,-10.00,4.64
1105160,700.00,0.20,4.38,233.90,1020,-6.00,4.64
1107200,701.00,0.19,4.34,233.70,1012,-8.00,4.64
1109240,702.00,0.20,4.38,230.10,1008,-4.00,4.64
1111280,703.00,0.19,4.33,230.10,998,-10.00,4.64
1113320,702.00,0.20,4.37,227.40,995,-3.00,4.64
1115360,703.00,0.19,4.33,227.80,987,-8.00,4.63
1117400,704.00,0.20,4.37,224.80,983,-4.00,4.63
1121440,702.00,0.19,4.33,224.50,971,-6.00,4.63
1123480,705.00,0.20,4.37,221.90,970,-1.00,4.63
1125520,705.00,0.19,4.33,222.40,963,-7.00,4.63
1127560,704.00,0.18,4.37,220.40,964,1.00,4.63
1129600,703.00,0.19,4.41,218.20,961,-3.00,4.63
1131640,705.00,0.18,4.36,218.90,956,-5.00,4.63
1133680,705.00,0.17,4.41,217.10,955,-1.00,4.63
1135720,705.00,0.18,4.45,214.20,953,-2.00,4.63
1137760,704.00,0.17,4.41,215.70,948,-5.00,4.63
1139800,705.00,0.18,4.45,212.70,947,-1.00,4.63
1141840,704.00,0.17,4.40,214.10,941,-6.00,4.63
1143880,706.00,0.18,4.44,211.50,941,0.00,4.63
1145920,705.00,0.17,4.40,213.10,938,-3.00,4.63
1147960,705.00,0.16,4.44,211.30,937,-1.00,4.63
1150000,705.00,0.17,4.48,209.20,936,-1.00,4.63
1152040,704.00,0.16,4.44,210.80,934,-2.00,4.63
1154080,704.00,0.16,4.48,209.00,932,-2.00,4.63
1156120,703.00,0.16,4.52,205.90,930,-2.00,4.63
1158160,703.00,0.16,4.48,207.60,932,2.00,4.63
1162240,702.00,0.15,4.52,205.80,930,0.00,4.63
1164280,702.00,0.16,4.56,203.40,927,-3.00,4.63
1166320,702.00,0.16,4.52,205.40,929,2.00,4.63
1168360,700.00,0.16,4.48,207.00,929,0.00,4.63
1170400,700.00,0.15,4.53,205.60,929,0.00,4.63
1172440,699.00,0.16,4.56,203.20,927,-2.00,4.63
1174480,699.00,0.16,4.52,206.00,930,3.00,4.63
1176520,699.00,0.17,4.49,207.70,932,2.00,4.63
1178560,698.00,0.18,4.44,210.00,931,-1.00,4.63
1180600,698.00,0.17,4.40,211.70,933,2.00,4.63
1182640,697.00,0.16,4.44,210.00,934,1.00,4.63
1184680,696.00,0.16,4.49,209.00,937,3.00,4.63
1186720,695.00,0.16,4.53,206.60,938,1.00,4.63
1188760,694.00,0.17,4.49,209.30,939,1.00,4.63
1190800,693.00,0.18,4.45,211.80,941,2.00,4.63
1192840,693.00,0.17,4.40,213.80,939,-2.00,4.63
1194880,692.00,0.16,4.45,212.40,944,5.00,4.63
1196920,691.00,0.16,4.49,210.70,946,2.00,4.63
1198960,691.00,0.15,4.53,209.40,947,1.00,4.63
1201000,690.00,0.16,4.57,207.40,946,-1.00,4.63
1203040,688.00,0.15,4.53,209.10,950,4.00,4.63
1205080,687.00,0.14,4.57,207.30,949,-1.00,4.63
1209120,686.00,0.13,4.61,206.10,951,3.00,4.63
1211160,685.00,0.14,4.65,203.50,946,-5.00,4.63
1213200,684.00,0.15,4.61,207.40,954,8.00,4.63
1215240,682.00,0.16,4.57,210.20,960,6.00,4.63
1217280,683.00,0.16,4.53,212.40,963,3.00,4.63
1219320,682.00,0.17,4.49,215.20,965,2.00,4.63
1221360,681.00,0.18,4.45,217.30,967,2.00,4.63
1223400,681.00,0.17,4.41,219.10,967,0.00,4.63
1225440,678.00,0.16,4.45,217.80,970,3.00,4.63
1227480,677.00,0.16,4.49,216.20,970,0.00,4.63
1229520,676.00,0.15,4.53,214.70,972,2.00,4.63
1231560,675.00,0.16,4.57,212.20,971,-1.00,4.63
1233600,676.00,0.16,4.54,214.90,973,2.00,4.63
1235640,675.00,0.16,4.50,216.40,975,2.00,4.63
1237680,675.00,0.15,4.53,215.90,977,2.00,4.63
1239720,674.00,0.16,4.58,212.90,975,-2.00,4.63
1241760,671.00,0.16,4.54,215.90,977,2.00,4.64
1243800,670.00,0.17,4.50,218.80,979,2.00,4.63
1245840,670.00,0.16,4.45,220.60,979,0.00,4.63
1247880,669.00,0.16,4.50,219.60,985,6.00,4.64
1249920,669.00,0.16,4.54,217.40,988,3.00,4.64
1251960,666.00,0.17,4.50,220.70,990,2.00,4.64
1254000,664.00,0.16,4.46,222.50,993,3.00,4.64
1256040,664.00,0.16,4.50,221.70,995,2.00,4.64
1258080,664.00,0.16,4.54,219.10,993,-2.00,4.64
1260120,663.00,0.16,4.50,220.90,993,0.00,4.64
1262160,662.00,0.16,4.54,218.30,992,-1.00,4.64
1264200,663.00,0.17,4.50,220.60,991,-1.00,4.64
1266240,661.00,0.16,4.46,221.70,988,-3.00,4.64
1268280,661.00,0.17,4.50,219.70,988,0.00,4.63
1270320,661.00,0.18,4.46,222.10,986,-2.00,4.64
1272360,660.00,0.17,4.42,223.40,986,0.00,4.63
1274400,658.00,0.16,4.46,222.00,989,3.00,4.64
1276440,657.00,0.16,4.50,220.30,992,3.00,4.64
1278480,655.00,0.15,4.54,219.10,995,3.00,4.64
1280520,655.00,0.14,4.58,217.90,996,1.00,4.64
1282560,653.00,0.13,4.62,216.20,996,0.00,4.64
1284600,653.00,0.14,4.66,213.30,994,-2.00,4.64
1286640,652.00,0.15,4.62,217.50,1003,9.00,4.64
1288720,650.00,0.16,4.58,220.70,1010,7.00,4.64
1290760,647.00,0.16,4.54,223.80,1019,9.00,4.64
1292800,647.00,0.17,4.50,226.90,1023,4.00,4.64
1294840,645.00,0.18,4.47,230.20,1027,4.00,4.64
1296880,643.00,0.19,4.43,233.00,1029,2.00,4.64
1298920,641.00,0.18,4.38,235.30,1030,1.00,4.64
1300960,641.00,0.17,4.43,235.30,1039,9.00,4.64
1303000,638.00,0.16,4.47,234.40,1046,7.00,4.64
1305040,636.00,0.16,4.51,233.20,1052,6.00,4.64
1307080,635.00,0.15,4.55,232.20,1056,4.00,4.64
1309120,634.00,0.14,4.60,230.70,1060,4.00,4.64
1311160,634.00,0.13,4.64,229.60,1062,2.00,4.64
1313200,630.00,0.14,4.68,226.70,1061,-1.00,4.65
1315240,629.00,0.15,4.64,230.80,1070,9.00,4.65
1317280,627.00,0.16,4.60,235.00,1080,10.00,4.65
1319320,627.00,0.16,4.56,240.20,1091,11.00,4.65
1321360,623.00,0.17,4.52,243.80,1099,8.00,4.65
1323400,621.00,0.18,4.48,247.00,1102,3.00,4.65
1325440,622.00,0.17,4.44,248.30,1102,0.00,4.65
1327480,621.00,0.16,4.48,247.10,1104,2.00,4.65
1329520,622.00,0.17,4.52,242.80,1099,-5.00,4.65
1331560,620.00,0.16,4.48,244.30,1094,-5.00,4.65
1333600,621.00,0.17,4.52,241.40,1088,-6.00,4.65
1335640,621.00,0.16,4.48,240.80,1080,-8.00,4.65
1337680,621.00,0.17,4.52,238.40,1075,-5.00,4.65
1339720,621.00,0.16,4.48,239.40,1072,-3.00,4.65
1341760,621.00,0.16,4.52,237.90,1075,3.00,4.65
1343800,618.00,0.15,4.56,236.10,1076,1.00,4.65
1345840,616.00,0.14,4.60,234.70,1078,2.00,4.65
1347880,615.00,0.13,4.64,233.30,1080,2.00,4.65
1349920,613.00,0.14,4.68,231.20,1082,2.00,4.65
1351960,611.00,0.15,4.64,236.10,1094,12.00,4.65
1354000,611.00,0.16,4.60,240.20,1105,11.00,4.65
1356040,610.00,0.16,4.56,243.90,1114,9.00,4.65
1358080,606.00,0.17,4.52,248.40,1123,9.00,4.65
1360120,605.00,0.18,4.48,252.40,1132,9.00,4.65
1362160,603.00,0.19,4.44,256.80,1141,9.00,4.65
1364200,600.00,0.20,4.40,261.10,1149,8.00,4.66
1366240,597.00,0.20,4.36,265.10,1159,10.00,4.66
1368280,593.00,0.21,4.32,270.30,1166,7.00,4.66
1370320,591.00,0.22,4.28,274.90,1177,11.00,4.66
1372360,588.00,0.23,4.24,279.80,1186,9.00,4.66
1374400,584.00,0.24,4.21,285.50,1202,16.00,4.66
1376440,579.00,0.24,4.17,291.60,1217,15.00,4.66
1378480,576.00,0.25,4.13,297.30,1228,11.00,4.66
1380520,573.00,0.26,4.09,302.20,1235,7.00,4.66
1382560,571.00,0.25,4.05,304.70,1232,-3.00,4.66
1384600,569.00,0.24,4.09,305.00,1243,11.00,4.68
1386640,569.00,0.24,4.13,303.30,1249,6.00,4.68
1388680,569.00,0.24,4.17,299.20,1251,2.00,4.68
1390720,570.00,0.24,4.13,296.70,1228,-23.00,4.66
1392760,572.00,0.24,4.17,291.90,1218,-10.00,4.66
1394800,575.00,0.24,4.12,287.50,1184,-34.00,4.66
1396840,578.00,0.24,4.16,282.30,1175,-9.00,4.66
1398880,580.00,0.24,4.12,280.80,1155,-20.00,4.65
1400920,580.00,0.23,4.16,278.80,1156,1.00,4.65
1402960,577.00,0.22,4.20,277.40,1165,9.00,4.66
1405000,579.00,0.21,4.24,275.80,1170,5.00,4.66
1407040,579.00,0.20,4.28,275.20,1178,8.00,4.66
1409080,577.00,0.20,4.33,273.20,1184,6.00,4.66
1413120,575.00,0.19,4.37,272.10,1190,1.00,4.66
1415200,575.00,0.18,4.41,270.80,1195,5.00,4.66
1417240,573.00,0.17,4.45,268.60,1196,1.00,4.66
1419280,574.00,0.16,4.49,267.40,1200,4.00,4.66
1421320,571.00,0.16,4.54,265.90,1205,5.00,4.66
1423360,572.00,0.15,4.58,263.60,1208,3.00,4.66
1425400,570.00,0.14,4.62,262.70,1212,4.00,4.66
1427440,568.00,0.15,4.66,260.00,1210,-2.00,4.66
1429480,569.00,0.16,4.62,263.30,1216,6.00,4.66
1431520,568.00,0.15,4.58,265.60,1220,4.00,4.66
1433560,568.00,0.16,4.62,262.30,1211,-9.00,4.66
1435600,567.00,0.15,4.58,263.80,1208,-3.00,4.66
1437640,569.00,0.16,4.62,260.70,1202,-6.00,4.66
1439680,567.00,0.15,4.57,261.30,1197,-5.00,4.66
1441720,569.00,0.16,4.61,257.70,1188,-9.00,4.66
1445760,568.00,0.15,4.57,259.30,1185,0.00,4.66
1447800,568.00,0.16,4.61,256.50,1182,-3.00,4.66
1449840,567.00,0.16,4.57,260.30,1188,6.00,4.66
1451880,565.00,0.17,4.53,264.20,1193,5.00,4.66
1453920,563.00,0.18,4.49,266.60,1198,5.00,4.66
1455960,561.00,0.19,4.45,270.60,1204,6.00,4.66
1458000,560.00,0.20,4.41,273.50,1205,1.00,4.66
1460040,559.00,0.20,4.37,276.40,1205,0.00,4.66
1462120,557.00,0.20,4.33,278.80,1207,2.00,4.66
1464160,555.00,0.19,4.37,279.60,1224,17.00,4.66
1466200,552.00,0.18,4.42,279.30,1234,10.00,4.66
1468240,552.00,0.17,4.46,278.70,1240,6.00,4.68
1470280,553.00,0.18,4.50,276.00,1241,1.00,4.68
1472320,552.00,0.17,4.46,276.80,1234,-7.00,4.68
1474360,553.00,0.18,4.50,273.20,1230,-4.00,4.68
1476400,554.00,0.17,4.46,272.90,1217,-13.00,4.66
1478440,555.00,0.18,4.49,268.40,1208,-9.00,4.66
1480480,556.00,0.17,4.45,268.30,1195,-13.00,4.66
1482520,555.00,0.18,4.49,264.80,1189,-6.00,4.66
1484600,556.00,0.17,4.45,266.00,1184,-5.00,4.66
1486640,556.00,0.16,4.49,264.10,1186,2.00,4.66
1488680,555.00,0.16,4.53,262.00,1189,3.00,4.66
1490720,553.00,0.15,4.57,260.90,1193,4.00,4.66
1492760,551.00,0.14,4.61,259.40,1198,5.00,4.66
1494800,551.00,0.13,4.66,257.30,1197,-1.00,4.66
1496840,550.00,0.14,4.70,254.20,1195,-2.00,4.66
1498880,550.00,0.15,4.66,257.60,1202,7.00,4.66
1500920,548.00,0.16,4.62,261.70,1207,5.00,4.66
1502960,549.00,0.16,4.58,264.50,1211,4.00,4.66
1505040,547.00,0.17,4.54,267.50,1212,1.00,4.66
1507080,546.00,0.16,4.50,269.10,1215,3.00,4.66
1509120,546.00,0.16,4.54,268.40,1217,2.00,4.66
1511160,544.00,0.16,4.58,265.60,1217,0.00,4.66
1513200,544.00,0.16,4.54,267.50,1217,0.00,4.66
1515240,542.00,0.15,4.58,265.60,1215,-2.00,4.66
1517280,544.00,0.16,4.62,262.30,1211,-4.00,4.66
1519320,543.00,0.16,4.58,265.20,1214,3.00,4.66
1521360,542.00,0.16,4.54,267.30,1214,0.00,4.66
1523400,542.00,0.15,4.58,265.20,1213,-1.00,4.66
1525440,542.00,0.16,4.62,261.10,1206,-7.00,4.66
1527520,543.00,0.15,4.58,263.20,1204,-2.00,4.66
1529560,544.00,0.16,4.61,258.20,1193,-11.00,4.66
1531600,544.00,0.15,4.57,259.50,1187,-6.00,4.66
1533640,545.00,0.16,4.61,254.60,1175,-12.00,4.66
1535680,546.00,0.15,4.57,255.40,1166,-9.00,4.66
1537800,547.00,0.16,4.61,251.20,1157,-9.00,4.66
1539880,546.00,0.15,4.56,251.90,1152,-5.00,4.66
1541920,546.00,0.14,4.61,249.60,1147,-5.00,4.66
1543960,548.00,0.15,4.64,245.80,1139,-8.00,4.65
1546000,548.00,0.14,4.60,246.90,1138,-1.00,4.65
1548080,547.00,0.15,4.64,244.40,1132,-6.00,4.65
1550120,548.00,0.16,4.60,246.70,1134,2.00,4.65
1552160,547.00,0.15,4.56,247.80,1129,-5.00,4.65
1554200,547.00,0.16,4.60,245.20,1128,-1.00,4.65
1556240,548.00,0.15,4.56,247.10,1127,-1.00,4.65
1558280,547.00,0.16,4.60,243.90,1122,-5.00,4.65
1560320,548.00,0.15,4.56,245.80,1122,0.00,4.65
1562360,548.00,0.16,4.60,243.00,1116,-6.00,4.65
1564400,548.00,0.15,4.56,245.10,1119,3.00,4.65
1566440,548.00,0.16,4.60,242.00,1114,-5.00,4.65
1568480,548.00,0.15,4.56,243.90,1113,-1.00,4.65
1570560,548.00,0.14,4.60,242.10,1111,-2.00,4.65
1572600,548.00,0.15,4.64,239.20,1110,-1.00,4.65
1574640,548.00,0.16,4.60,241.30,1110,0.00,4.65
1576680,547.00,0.16,4.56,244.30,1111,1.00,4.65
1578720,547.00,0.16,4.52,245.20,1111,0.00,4.65
1580760,547.00,0.15,4.56,244.00,1112,1.00,4.65
1584800,545.00,0.14,4.60,242.10,1115,2.00,4.65
1586840,544.00,0.15,4.64,239.50,1112,-3.00,4.65
1588880,544.00,0.16,4.60,243.10,1116,4.00,4.65
1590920,543.00,0.16,4.56,246.60,1122,6.00,4.65
1592960,542.00,0.16,4.52,248.50,1122,0.00,4.65
1595040,543.00,0.15,4.56,247.10,1127,5.00,4.65
1597080,543.00,0.14,4.60,245.10,1129,2.00,4.65
1599120,542.00,0.13,4.64,243.70,1128,-1.00,4.65
1601160,542.00,0.14,4.68,240.50,1129,1.00,4.65
1603200,540.00,0.15,4.65,244.40,1137,8.00,4.65
1605240,539.00,0.16,4.60,248.90,1144,7.00,4.65
1607280,539.00,0.16,4.57,252.00,1151,7.00,4.66
1609320,537.00,0.17,4.53,255.50,1158,7.00,4.66
1611360,537.00,0.18,4.49,259.50,1163,5.00,4.66
1613400,535.00,0.19,4.45,262.90,1171,8.00,4.66
1615480,533.00,0.20,4.41,267.60,1176,5.00,4.66
1617520,532.00,0.20,4.37,271.10,1182,6.00,4.66
1619560,528.00,0.21,4.33,275.00,1189,7.00,4.66
1621600,527.00,0.22,4.29,279.50,1197,8.00,4.66
1623640,527.00,0.23,4.25,282.30,1201,4.00,4.66
1625680,525.00,0.24,4.21,286.00,1203,2.00,4.66
1627720,522.00,0.23,4.16,288.10,1198,-5.00,4.66
1629760,524.00,0.22,4.21,287.10,1208,10.00,4.66
1631800,523.00,0.21,4.25,285.00,1210,2.00,4.66
1633840,525.00,0.22,4.29,281.70,1209,-1.00,4.66
1635880,528.00,0.21,4.24,280.60,1191,-18.00,4.66
1637960,528.00,0.22,4.28,277.30,1188,-3.00,4.66
1640000,530.00,0.21,4.24,274.70,1168,-20.00,4.66
1642040,530.00,0.22,4.28,271.90,1165,-3.00,4.66
1644080,533.00,0.21,4.24,270.60,1147,-18.00,4.65
1646120,533.00,0.20,4.28,268.60,1149,2.00,4.65
1648160,535.00,0.21,4.32,264.90,1149,0.00,4.66
1650200,536.00,0.20,4.28,266.60,1137,-12.00,4.65
1652240,537.00,0.21,4.32,263.70,1139,2.00,4.65
1656280,535.00,0.20,4.28,263.40,1128,-3.00,4.65
1660320,538.00,0.20,4.32,263.20,1135,-2.00,4.65
1662400,538.00,0.19,4.36,261.90,1140,5.00,4.65
1664440,536.00,0.18,4.40,260.50,1146,6.00,4.65
1668480,536.00,0.17,4.44,259.90,1155,4.00,4.66
1670600,534.00,0.16,4.49,259.40,1164,9.00,4.66
1672640,535.00,0.16,4.53,258.30,1170,6.00,4.66
1674680,534.00,0.15,4.57,257.20,1174,4.00,4.66
1676720,532.00,0.14,4.62,256.60,1183,9.00,4.66
1678760,532.00,0.13,4.66,255.20,1187,4.00,4.66
1680800,531.00,0.13,4.70,254.30,1194,7.00,4.66
1682840,529.00,0.12,4.74,253.30,1197,3.00,4.66
1684880,528.00,0.11,4.78,251.50,1198,1.00,4.66
1686960,526.00,0.10,4.83,249.50,1201,3.00,4.68
1689000,523.00,0.09,4.87,248.10,1206,5.00,4.68
1691040,520.00,0.09,4.91,247.00,1210,4.00,4.68
1693080,517.00,0.08,4.96,245.60,1215,5.00,4.68
1695120,511.00,0.07,5.00,246.90,1230,15.00,4.69
1697160,505.00,0.06,5.04,250.20,1257,27.00,4.69
1699200,495.00,0.05,5.09,254.30,1289,32.00,4.69
1701240,482.00,0.05,5.14,259.90,1329,40.00,4.70
1703280,466.00,0.04,5.19,265.50,1374,45.00,4.70
1705320,452.00,0.03,5.24,270.60,1414,40.00,4.71
1707400,435.00,0.02,5.29,273.40,1442,28.00,4.71
1709440,425.00,0.02,5.33,273.80,1454,12.00,4.71
1711480,410.00,0.01,5.36,272.20,1453,-1.00,4.71
1713520,403.00,0.02,5.40,265.20,1429,-24.00,4.71
1715560,394.00,0.02,5.37,284.90,1529,100.00,4.72
1717600,392.00,0.03,5.35,302.70,1618,89.00,4.73
1719640,386.00,0.04,5.33,320.80,1705,87.00,4.74
1721680,381.00,0.05,5.30,339.60,1799,94.00,4.75
1723720,374.00,0.05,5.27,360.40,1895,96.00,4.76
1725760,366.00,0.06,5.25,381.40,1997,102.00,4.77
1727800,356.00,0.07,5.22,402.90,2101,104.00,4.78
1729880,348.00,0.08,5.20,425.30,2210,109.00,4.79
1731920,336.00,0.09,5.17,451.10,2333,123.00,4.82
1733960,320.00,0.09,5.16,479.50,2467,134.00,4.83
1736000,297.00,0.10,5.13,512.20,2623,156.00,4.85
1738040,286.00,0.11,5.12,537.10,2742,119.00,4.86
1740080,278.00,0.12,5.08,559.10,2839,97.00,4.88
1742120,279.00,0.13,5.05,571.00,2887,48.00,4.88
1744160,284.00,0.13,5.01,578.20,2900,13.00,4.88
1746200,292.00,0.13,4.96,577.60,2873,-27.00,4.88
1748240,305.00,0.13,4.99,553.90,2764,-109.00,4.87
1752320,333.00,0.13,4.92,528.10,2602,-105.00,4.85
1754360,348.00,0.13,4.95,503.00,2493,-109.00,4.84
1756400,356.00,0.13,4.90,503.80,2466,-27.00,4.83
1758440,358.00,0.13,4.94,489.20,2419,-47.00,4.83
1760480,366.00,0.13,4.89,488.90,2395,-24.00,4.82
1762520,377.00,0.13,4.92,468.40,2308,-87.00,4.81
1764560,387.00,0.13,4.87,463.00,2255,-53.00,4.81
1766600,396.00,0.13,4.90,443.60,2176,-79.00,4.79
1768640,404.00,0.13,4.85,440.90,2141,-35.00,4.79
1770680,408.00,0.13,4.88,428.80,2095,-46.00,4.78
1772760,408.00,0.14,4.84,433.30,2101,6.00,4.78
1774800,409.00,0.15,4.81,441.30,2125,24.00,4.79
1776840,404.00,0.16,4.77,452.90,2161,36.00,4.79
1778880,402.00,0.16,4.74,464.00,2196,35.00,4.79
1780920,398.00,0.17,4.70,472.00,2218,22.00,4.79
1782960,400.00,0.16,4.66,475.30,2218,0.00,4.81
1785000,400.00,0.16,4.70,472.40,2223,5.00,4.79
1787040,400.00,0.16,4.74,465.10,2204,-19.00,4.79
1789080,407.00,0.16,4.69,461.50,2168,-36.00,4.79
1791120,415.00,0.16,4.72,446.40,2111,-57.00,4.78
1793160,425.00,0.16,4.68,435.80,2044,-67.00,4.77
1795280,439.00,0.16,4.70,411.10,1938,-106.00,4.76
1797320,452.00,0.16,4.64,394.80,1841,-97.00,4.75
1799360,465.00,0.16,4.67,371.40,1736,-105.00,4.74
1801400,480.00,0.16,4.60,354.10,1633,-103.00,4.72
1803440,491.00,0.16,4.64,333.00,1547,-86.00,4.72
1805480,500.00,0.16,4.59,325.00,1494,-53.00,4.71
1807520,505.00,0.16,4.62,314.30,1454,-40.00,4.71
1809560,508.00,0.16,4.58,312.30,1433,-21.00,4.70
1811600,509.00,0.16,4.61,306.40,1413,-20.00,4.70
1813640,512.00,0.16,4.57,305.70,1398,-15.00,4.70
1815720,517.00,0.16,4.61,299.50,1385,-13.00,4.70
1817760,517.00,0.16,4.56,300.90,1370,-15.00,4.70
1819800,520.00,0.16,4.60,294.80,1352,-18.00,4.69
1821840,523.00,0.16,4.56,292.90,1337,-15.00,4.69
1823880,526.00,0.16,4.60,286.90,1321,-16.00,4.69
1825920,528.00,0.16,4.56,286.30,1306,-15.00,4.69
1827960,530.00,0.16,4.60,280.20,1292,-14.00,4.68
1830000,531.00,0.16,4.55,281.10,1276,-16.00,4.68
1832040,533.00,0.16,4.59,275.70,1267,-9.00,4.68
1834080,536.00,0.16,4.55,277.50,1259,-8.00,4.68
1836160,537.00,0.16,4.59,273.60,1253,-6.00,4.68
1838200,537.00,0.16,4.55,274.40,1249,-4.00,4.68
1840240,538.00,0.16,4.59,271.40,1243,-6.00,4.68
1842280,539.00,0.16,4.55,272.20,1240,-3.00,4.68
1844320,538.00,0.15,4.59,270.20,1237,-3.00,4.68
1846360,540.00,0.16,4.63,267.60,1236,-1.00,4.68
1850400,540.00,0.16,4.59,270.60,1238,1.00,4.68
1852440,540.00,0.17,4.55,273.70,1242,4.00,4.68
1854480,539.00,0.18,4.51,276.40,1246,4.00,4.68
1856520,536.00,0.19,4.47,281.60,1259,13.00,4.68
1858560,535.00,0.20,4.43,287.50,1271,12.00,4.68
1860640,532.00,0.20,4.39,294.20,1287,16.00,4.68
1862680,527.00,0.21,4.35,300.20,1306,19.00,4.69
1864720,525.00,0.22,4.32,308.10,1329,23.00,4.69
1866760,522.00,0.23,4.28,314.50,1345,16.00,4.69
1868800,520.00,0.24,4.24,319.90,1352,7.00,4.69
1870840,518.00,0.23,4.20,321.60,1346,-6.00,4.69
1872880,520.00,0.24,4.24,318.10,1348,2.00,4.69
1874920,522.00,0.23,4.19,316.30,1327,-21.00,4.69
1876960,525.00,0.24,4.23,311.40,1318,-9.00,4.69
1879000,527.00,0.23,4.18,306.50,1286,-32.00,4.68
1881080,531.00,0.24,4.22,301.40,1270,-16.00,4.68
1883120,534.00,0.23,4.18,299.20,1252,-18.00,4.68
1885160,536.00,0.22,4.22,297.80,1253,1.00,4.68
1887200,535.00,0.21,4.26,295.50,1257,4.00,4.68
1889240,535.00,0.20,4.30,294.30,1261,4.00,4.68
1893280,536.00,0.20,4.35,292.30,1270,-1.00,4.68
1895320,537.00,0.19,4.39,292.10,1279,9.00,4.68
1897360,534.00,0.18,4.43,292.90,1292,13.00,4.69
1899400,532.00,0.17,4.48,293.80,1312,20.00,4.69
1901440,529.00,0.16,4.52,296.40,1339,27.00,4.69
1903480,525.00,0.16,4.56,299.20,1364,25.00,4.69
1905560,521.00,0.15,4.61,302.00,1391,27.00,4.70
1907600,519.00,0.14,4.66,304.40,1414,23.00,4.70
1909640,516.00,0.13,4.70,305.10,1435,21.00,4.70
1911680,513.00,0.13,4.75,307.40,1457,22.00,4.71
1913720,508.00,0.12,4.79,309.80,1484,27.00,4.71
1915760,502.00,0.11,4.84,312.60,1509,25.00,4.71
1917800,499.00,0.10,4.88,311.30,1516,7.00,4.71
1919840,498.00,0.11,4.92,307.20,1512,-4.00,4.71
1921880,497.00,0.12,4.88,314.50,1537,25.00,4.72
1924000,494.00,0.13,4.84,319.90,1551,14.00,4.72
1926080,495.00,0.13,4.80,326.20,1569,18.00,4.72
1928120,496.00,0.14,4.76,330.80,1577,8.00,4.72
1930160,497.00,0.13,4.72,333.20,1571,-6.00,4.72
1932200,498.00,0.14,4.76,327.30,1559,-12.00,4.72
1934240,498.00,0.15,4.72,331.00,1563,4.00,4.72
1936280,498.00,0.14,4.68,333.40,1563,0.00,4.72
1938320,501.00,0.15,4.72,328.50,1549,-14.00,4.72
1940360,499.00,0.16,4.68,332.20,1550,1.00,4.72
1942400,500.00,0.16,4.64,335.40,1553,3.00,4.72
1944440,498.00,0.17,4.60,338.70,1560,7.00,4.72
1946480,499.00,0.18,4.56,344.30,1566,6.00,4.72
1948560,497.00,0.17,4.52,346.90,1569,3.00,4.72
1950600,497.00,0.16,4.56,344.50,1571,2.00,4.72
1952640,498.00,0.17,4.60,339.70,1565,-6.00,4.72
1954680,501.00,0.16,4.56,338.30,1544,-21.00,4.72
1956720,506.00,0.17,4.59,329.20,1512,-32.00,4.71
1958760,510.00,0.16,4.54,323.70,1468,-44.00,4.71
1960800,516.00,0.17,4.58,312.40,1431,-37.00,4.70
1962840,520.00,0.16,4.53,309.60,1405,-26.00,4.70
1964880,521.00,0.17,4.57,304.70,1392,-13.00,4.70
1966920,521.00,0.16,4.53,306.80,1386,-6.00,4.70
1969000,521.00,0.16,4.57,305.00,1392,6.00,4.70
1971040,519.00,0.15,4.61,304.10,1403,11.00,4.70
1973080,518.00,0.14,4.65,304.00,1412,9.00,4.70
1975120,514.00,0.13,4.70,302.60,1421,9.00,4.70
1977160,514.00,0.13,4.74,301.30,1430,9.00,4.70
1979200,509.00,0.12,4.79,300.20,1434,4.00,4.71
1981240,508.00,0.13,4.83,297.40,1436,2.00,4.70
1983280,507.00,0.13,4.79,306.20,1463,27.00,4.71
1985320,504.00,0.14,4.75,314.60,1491,28.00,4.71
1987360,501.00,0.15,4.72,320.30,1512,21.00,4.71
1989400,503.00,0.16,4.68,324.40,1516,4.00,4.71
1991480,503.00,0.15,4.63,326.00,1508,-8.00,4.71
1993520,504.00,0.16,4.67,318.30,1486,-22.00,4.71
1995560,508.00,0.15,4.63,318.30,1471,-15.00,4.71
1997600,510.00,0.16,4.66,310.70,1446,-25.00,4.70
1999640,514.00,0.15,4.62,309.50,1428,-18.00,4.70
2001680,515.00,0.16,4.65,302.70,1409,-19.00,4.70
2003720,515.00,0.15,4.61,304.70,1404,-5.00,4.70
2005760,516.00,0.16,4.65,301.30,1402,-2.00,4.70
2007800,515.00,0.16,4.61,306.20,1407,5.00,4.70
2009840,515.00,0.17,4.57,309.00,1410,3.00,4.70
2011920,514.00,0.16,4.53,310.70,1406,-4.00,4.70
2013960,514.00,0.17,4.57,306.30,1403,-3.00,4.70
2016000,517.00,0.16,4.53,307.00,1393,-10.00,4.70
2018040,517.00,0.17,4.56,301.90,1381,-12.00,4.69
2020080,519.00,0.16,4.52,303.10,1368,-13.00,4.69
2022120,520.00,0.17,4.56,298.30,1361,-7.00,4.69
2024160,519.00,0.16,4.52,300.20,1358,-3.00,4.69
2026200,519.00,0.17,4.56,297.40,1359,1.00,4.69
2030240,519.00,0.16,4.52,299.20,1353,-3.00,4.69
2032280,520.00,0.16,4.56,296.70,1353,0.00,4.69
2034360,519.00,0.15,4.60,294.20,1350,-3.00,4.69
2036400,519.00,0.16,4.64,290.30,1348,-2.00,4.69
2038440,520.00,0.15,4.60,292.20,1344,-4.00,4.69
2040480,519.00,0.16,4.64,287.50,1333,-11.00,4.69
2042520,521.00,0.15,4.60,287.50,1325,-8.00,4.69
2044560,521.00,0.16,4.64,282.80,1310,-15.00,4.69
2046600,524.00,0.15,4.60,283.40,1302,-8.00,4.69
2048640,525.00,0.16,4.64,278.60,1293,-9.00,4.68
2050760,525.00,0.15,4.60,281.00,1288,-5.00,4.69
2052800,526.00,0.16,4.64,277.30,1284,-4.00,4.68
2054840,523.00,0.15,4.60,279.30,1285,1.00,4.68
2056920,525.00,0.16,4.64,276.70,1280,-5.00,4.68
2060960,524.00,0.15,4.60,278.30,1277,-2.00,4.68
2063000,523.00,0.16,4.64,274.60,1273,-4.00,4.68
2065040,524.00,0.15,4.59,276.90,1269,-4.00,4.68
2067080,524.00,0.16,4.63,273.90,1268,-1.00,4.68
2069120,525.00,0.15,4.59,275.60,1264,-4.00,4.68
2071160,524.00,0.16,4.63,273.20,1261,-3.00,4.68
2073200,525.00,0.15,4.59,275.00,1261,0.00,4.68
2075240,524.00,0.16,4.63,271.90,1256,-5.00,4.68
2077280,525.00,0.15,4.59,273.70,1254,-2.00,4.68
2079360,525.00,0.16,4.63,270.40,1249,-5.00,4.68
2081400,524.00,0.15,4.59,272.20,1246,-3.00,4.68
2083440,525.00,0.16,4.63,269.00,1244,-2.00,4.68
2085480,524.00,0.16,4.59,271.60,1245,1.00,4.68
2087520,523.00,0.16,4.55,273.00,1243,-2.00,4.68
2089560,523.00,0.15,4.59,271.50,1244,1.00,4.68
2091600,522.00,0.14,4.63,269.40,1245,1.00,4.68
2093640,522.00,0.13,4.67,267.20,1245,0.00,4.68
2095680,521.00,0.14,4.71,264.90,1247,2.00,4.68
2097720,519.00,0.15,4.67,270.00,1258,11.00,4.68
2099760,516.00,0.16,4.64,276.20,1275,17.00,4.68
2101840,513.00,0.16,4.60,281.80,1296,21.00,4.69
2103880,510.00,0.17,4.56,290.00,1322,26.00,4.69
2105920,505.00,0.18,4.52,298.40,1349,27.00,4.69
2107960,501.00,0.19,4.48,306.80,1374,25.00,4.69
2110000,497.00,0.20,4.44,312.60,1391,17.00,4.70
2112040,496.00,0.20,4.40,316.40,1394,3.00,4.70
2114080,496.00,0.20,4.36,318.40,1389,-5.00,4.70
2116120,496.00,0.20,4.40,314.90,1387,-2.00,4.69
2118160,499.00,0.20,4.36,308.80,1343,-44.00,4.69
2120200,502.00,0.20,4.40,303.70,1335,-8.00,4.69
2122280,507.00,0.20,4.35,296.60,1293,-42.00,4.68
2124320,510.00,0.20,4.39,288.80,1268,-25.00,4.68
2126360,514.00,0.20,4.34,284.60,1235,-33.00,4.68
2128400,516.00,0.20,4.38,279.80,1225,-10.00,4.68
2130440,516.00,0.20,4.33,279.30,1210,-15.00,4.66
2132480,516.00,0.20,4.37,276.60,1206,-4.00,4.66
2134520,516.00,0.20,4.33,277.00,1197,-9.00,4.66
2136560,518.00,0.19,4.37,275.00,1201,4.00,4.66
2138600,516.00,0.18,4.41,272.80,1207,6.00,4.66
2140640,517.00,0.17,4.46,272.30,1212,5.00,4.66
2142680,517.00,0.16,4.50,270.80,1214,2.00,4.66
2144760,516.00,0.17,4.54,268.40,1220,6.00,4.66
2146800,514.00,0.18,4.50,271.80,1221,1.00,4.66
2148840,514.00,0.17,4.46,273.90,1220,-1.00,4.66
2150880,512.00,0.16,4.50,271.70,1224,4.00,4.66
2152920,513.00,0.17,4.54,269.30,1221,-3.00,4.68
2154960,512.00,0.16,4.50,271.00,1216,-5.00,4.66
2157000,514.00,0.17,4.54,266.60,1209,-7.00,4.66
2159040,515.00,0.16,4.49,267.10,1201,-8.00,4.66
2161080,514.00,0.17,4.54,263.60,1194,-7.00,4.66
2163120,516.00,0.16,4.49,262.80,1183,-11.00,4.66
2167200,516.00,0.17,4.53,258.80,1173,-5.00,4.66
2169240,517.00,0.16,4.49,259.90,1168,-5.00,4.66
2171280,517.00,0.17,4.53,257.30,1165,-3.00,4.66
2173320,517.00,0.16,4.49,258.70,1160,-5.00,4.66
2175360,518.00,0.17,4.53,255.50,1160,0.00,4.66
2177480,518.00,0.16,4.48,257.00,1154,-6.00,4.66
2179520,518.00,0.16,4.53,255.20,1154,0.00,4.66
2181560,518.00,0.16,4.57,252.20,1151,-3.00,4.66
2183600,519.00,0.16,4.53,252.80,1147,-4.00,4.66
2185640,517.00,0.16,4.56,250.60,1144,-3.00,4.66
2187680,518.00,0.16,4.52,252.30,1142,-2.00,4.66
2189760,519.00,0.16,4.57,249.60,1138,-4.00,4.66
2191800,520.00,0.16,4.52,250.90,1137,-1.00,4.66
2193840,520.00,0.16,4.56,248.70,1135,-2.00,4.65
2195880,519.00,0.16,4.52,250.30,1133,-2.00,4.65
2197920,520.00,0.15,4.56,248.50,1132,-1.00,4.65
2199960,521.00,0.16,4.60,245.90,1129,-3.00,4.65
2202000,520.00,0.15,4.56,247.60,1129,0.00,4.66
2204040,522.00,0.16,5.55,22.00,122,-1007.00,9.06
2206080,206.00,0.00,5.58,-1.90,-10,-132.00,5.13
2210120,520.00,0.00,5.57,4.00,20,0.00,5.00
2212160,519.00,0.00,5.57,3.80,20,0.00,5.00
2214200,519.00,0.00,5.57,3.90,20,0.00,5.00
2216240,520.00,0.00,5.57,3.80,20,0.00,5.00
2218279,521.00,0.00,5.57,4.00,20,0.00,5.00
2220320,520.00,0.00,5.57,3.80,21,1.00,5.00
2222360,520.00,0.00,5.57,3.90,20,-1.00,5.00
2224400,520.00,0.00,5.57,3.70,20,0.00,5.00
2226440,520.00,0.00,5.57,3.80,20,0.00,5.00
2228480,519.00,0.00,5.57,3.90,20,0.00,5.00
2230520,519.00,0.00,5.57,3.60,20,0.00,5.00
2232560,520.00,0.00,5.57,3.80,19,-1.00,5.00
2234600,518.00,0.00,5.57,3.80,20,1.00,5.00
2236640,519.00,0.00,5.57,3.50,20,0.00,5.00
2238680,519.00,0.00,5.57,3.70,20,0.00,5.00
2240720,519.00,0.00,5.57,3.70,20,0.00,5.00
2242760,518.00,0.00,5.57,3.90,20,0.00,5.00
2244800,518.00,0.00,5.57,3.80,19,-1.00,5.00
2246840,517.00,0.00,5.57,3.80,20,1.00,5.00
2248880,518.00,0.00,5.57,3.80,20,0.00,5.00
2250919,516.00,0.00,5.57,3.60,20,0.00,5.00
2252960,517.00,0.00,5.57,3.70,20,0.00,5.00
2255000,517.00,0.00,5.57,3.70,20,0.00,5.00
2257040,517.00,0.00,5.57,3.80,20,0.00,5.00
2259080,515.00,0.00,5.58,3.70,20,0.00,5.00
