121,0,5.77,6.3,32,32,5.82,1.008665511
121,0,5.76,-1.8,23,-9,5.3,0.920138889
119,0,5.77,4,22,-1,5.18,0.897746967
427,0,5.77,3.4,23,1,5.3,0.918544194
121,0,5.77,7.4,22,-1,5.3,0.918544194
121,0,5.77,3.8,23,1,5.18,0.897746967
427,0,5.77,3.9,22,-1,5.18,0.897746967
427,0,5.77,4,22,0,5.18,0.897746967
430,0,5.51,363.1,1997,-2,4.76,0.863883848
424,0.01,5.51,377.2,2076,79,4.77,0.86569873
430,0.01,5.51,381.4,2098,22,4.78,0.867513612
428,0.02,5.49,394.6,2167,69,4.78,0.870673953
429,0.02,5.49,406.6,2229,62,4.79,0.872495446
427,0.02,5.48,418.5,2292,63,4.81,0.877737226
425,0.03,5.46,430.5,2353,61,4.81,0.880952381
426,0.03,5.45,442,2411,58,4.82,0.88440367
428,0.04,5.45,455.3,2478,67,4.83,0.886238532
427,0.04,5.43,468.1,2539,61,4.83,0.889502762
428,0.04,5.42,480.2,2601,62,4.84,0.89298893
426,0.05,5.41,492.9,2663,62,4.85,0.896487985
426,0.05,5.39,505.9,2727,7,4.85,0.899814471
418,0.05,5.38,517.5,2782,55,4.86,0.903345725
427,0.06,5.37,528.5,2833,51,4.86,0.905027933
428,0.06,5.35,539.5,2886,53,4.87,0.910280374
425,0.07,5.34,551.8,2943,57,4.87,0.911985019
418,0.07,5.33,563.1,2999,56,4.88,0.915572233
424,0.07,5.31,574.9,3051,52,4.88,0.919020716
428,0.08,5.3,586.8,3109,58,4.89,0.922641509
426,0.08,5.29,597.9,3158,49,4.89,0.924385633
425,0.09,5.27,608,3206,48,4.9,0.929791271
426,0.09,5.26,614.5,3234,28,4.91,0.933460076
419,0.09,5.26,620.2,3257,23,4.93,0.937262357
408,0.1,5.24,630.6,3304,47,4.93,0.940839695
425,0.1,5.22,641.9,3351,47,4.93,0.944444444
420,0.11,5.21,652.5,3396,45,4.95,0.950095969
421,0.1,5.19,662.8,3439,-2,4.95,0.953757225
407,0.11,5.21,654.6,3403,-36,4.93,0.946257198
430,0.11,5.19,664.9,3447,44,4.95,0.953757225
430,0.11,5.17,674.4,3486,39,4.95,0.957446809
408,0.12,5.16,684.4,3523,37,4.95,0.959302326
409,0.12,5.13,692.7,3556,33,4.96,0.966861598
430,0.13,5.12,700.4,3586,30,4.96,0.96875
428,0.13,5.1,709.8,3621,35,4.96,0.97254902
428,0.13,5.08,718.9,3653,32,4.96,0.976377953
428,0.14,5.07,726.8,3685,32,4.97,0.980276134
425,0.14,5.05,734.1,3706,21,4.97,0.984158416
410,0.15,5.03,741.7,3730,24,4.97,0.988071571
424,0.15,5.01,749.4,3756,26,4.97,0.992015968
428,0.15,5,756.4,3779,23,4.98,0.996
428,0.16,4.97,763.3,3796,17,4.98,1.002012072
423,0.15,4.96,770,3816,-1,4.98,1.004032258
419,0.16,4.97,763.6,3800,-16,4.98,1.002012072
430,0.16,4.96,770.8,3818,18,4.98,1.004032258
406,0.16,4.94,777.3,3839,21,4.98,1.008097166
410,0.17,4.92,783.5,3850,11,4.98,1.012195122
432,0.17,4.9,789,3861,11,4.98,1.016326531
429,0.18,4.88,793.7,3869,8,4.98,1.020491803
419,0.18,4.86,800,3888,19,4.98,1.024691358
430,0.18,4.84,806,3897,9,4.99,1.030991736
405,0.19,4.82,811.7,3910,13,4.99,1.03526971
430,0.19,4.8,815.5,3911,1,4.99,1.039583333
429,0.2,4.78,822.4,3931,20,4.99,1.043933054
429,0.2,4.76,828.2,3941,10,4.99,1.048319328
424,0.2,4.74,830.2,3933,-8,4.99,1.052742616
421,0.2,4.75,826.2,3930,-3,4.99,1.050526316
424,0.2,4.74,829.3,3929,-1,4.99,1.052742616
430,0.2,4.76,824.8,3922,-7,4.99,1.048319328
410,0.2,4.74,829.8,3931,9,4.99,1.052742616
430,0.21,4.72,834.8,3937,6,4.99,1.05720339
417,0.2,4.69,837.8,3930,-7,4.99,1.063965885
416,0.2,4.72,833.9,3934,4,4.99,1.05720339
415,0.2,4.74,832.8,3943,9,4.99,1.052742616
427,0.2,4.76,825.6,3929,-14,4.99,1.048319328
427,0.2,4.74,830.8,3936,7,4.99,1.052742616
428,0.2,4.72,833.9,3933,-3,4.99,1.05720339
419,0.2,4.74,830.9,3937,4,4.99,1.052742616
427,0.2,4.76,826.8,3931,-6,4.99,1.048319328
429,0.2,4.74,830.2,3932,1,4.99,1.052742616
431,0.21,4.72,834.8,3934,2,4.99,1.05720339
421,0.21,4.7,839.8,3941,7,4.99,1.061702128
418,0.21,4.68,842.3,3940,-1,4.99,1.066239316
421,0.2,4.7,839.6,3946,6,4.99,1.061702128
428,0.21,4.72,833.3,3929,-17,4.99,1.05720339
408,0.21,4.7,840.4,3949,20,4.99,1.061702128
431,0.21,4.68,842.8,3938,-11,4.99,1.066239316
415,0.21,4.69,838.2,3935,-3,4.99,1.063965885
427,0.22,4.68,845,3947,12,4.99,1.066239316
410,0.21,4.65,846.5,3939,-8,4.99,1.07311828
428,0.21,4.68,843.6,3946,7,4.99,1.066239316
427,0.21,4.69,840.5,3945,-1,4.99,1.063965885
428,0.21,4.68,843.6,3944,-1,4.99,1.066239316
413,0.21,4.7,838.8,3939,-5,4.99,1.061702128
424,0.22,4.68,844.1,3947,8,4.99,1.066239316
426,0.21,4.65,847.3,3942,-5,4.99,1.07311828
430,0.21,4.68,843.4,3945,3,4.99,1.066239316
423,0.2,4.7,840.8,3948,3,4.99,1.061702128
417,0.2,4.71,837.6,3949,1,4.99,1.059447983
424,0.2,4.74,832.5,3946,-3,4.99,1.052742616
426,0.21,4.72,837.8,3949,3,4.99,1.05720339
416,0.2,4.7,839.4,3948,-1,4.99,1.061702128
428,0.2,4.72,838.5,3952,4,4.99,1.05720339
410,0.2,4.74,834.9,3956,4,4.99,1.052742616
410,0.2,4.76,829,3949,-7,4.99,1.048319328
426,0.2,4.74,832.7,3947,-2,4.99,1.052742616
409,0.19,4.76,830.1,3955,8,4.99,1.048319328
416,0.2,4.78,822.3,3932,-23,4.99,1.043933054
428,0.2,4.76,829.9,3942,10,4.99,1.048319328
426,0.2,4.74,832.6,3950,8,4.99,1.052742616
402,0.21,4.72,838.3,3953,3,4.99,1.05720339
409,0.21,4.7,845.9,3971,18,4.99,1.061702128
426,0.21,4.68,846.9,3963,-8,4.99,1.066239316
426,0.21,4.7,842.2,3957,-6,4.99,1.061702128
427,0.22,4.67,847.1,3960,3,4.99,1.068522484
412,0.21,4.66,849.8,3956,-4,4.99,1.070815451
423,0.21,4.68,846.4,3959,3,4.99,1.066239316
419,0.2,4.7,844,3966,7,4.99,1.061702128
429,0.21,4.72,836.6,3950,-16,4.99,1.05720339
419,0.2,4.69,838.5,3935,-15,4.99,1.063965885
419,0.2,4.72,837.9,3956,21,4.99,1.05720339
414,0.2,4.74,835.5,3963,7,4.99,1.052742616
428,0.2,4.76,827.9,3938,-25,4.99,1.048319328
402,0.2,4.74,837.1,3965,27,4.99,1.052742616
428,0.2,4.72,834.9,3937,-28,4.99,1.05720339
418,0.2,4.74,831.9,3945,8,4.99,1.052742616
406,0.19,4.76,830.3,3952,7,4.99,1.048319328
409,0.2,4.78,821.8,3930,-22,4.99,1.043933054
419,0.2,4.76,829.8,3948,18,4.99,1.048319328
425,0.2,4.74,833.5,3953,5,4.99,1.052742616
428,0.2,4.72,835.3,3946,-7,4.99,1.05720339
411,0.2,4.74,832.3,3947,1,4.99,1.052742616
427,0.2,4.76,826.9,3930,-17,4.99,1.048319328
416,0.2,4.74,833,3953,23,4.99,1.052742616
426,0.2,4.72,835.3,3940,-13,4.99,1.05720339
422,0.2,4.74,830.9,3935,-5,4.99,1.052742616
416,0.21,4.72,835.1,3938,3,4.99,1.05720339
422,0.21,4.7,842.8,3961,23,4.99,1.061702128
424,0.21,4.68,843.9,3945,-16,4.99,1.066239316
403,0.21,4.69,839.1,3937,-8,4.99,1.063965885
422,0.22,4.68,845.3,3949,12,4.99,1.066239316
411,0.21,4.65,847.6,3941,-8,4.99,1.07311828
408,0.22,4.68,842.4,3936,-5,4.99,1.066239316
406,0.22,4.65,847.1,3940,4,4.99,1.07311828
422,0.22,4.64,851.1,3945,5,4.99,1.075431034
419,0.22,4.61,853.9,3940,-5,4.99,1.082429501
422,0.22,4.63,849.8,3936,-4,4.99,1.07775378
425,0.22,4.61,853.3,3932,-4,4.99,1.082429501
418,0.22,4.64,852.6,3948,16,4.99,1.075431034
416,0.21,4.65,848.2,3948,0,4.99,1.07311828
421,0.21,4.68,845,3949,1,4.99,1.066239316
411,0.2,4.69,840.8,3950,1,4.99,1.063965885
407,0.21,4.72,831,3918,-32,4.99,1.05720339
409,0.21,4.69,839.1,3937,19,4.99,1.063965885
415,0.21,4.68,841.2,3928,-9,4.99,1.066239316
402,0.2,4.7,840.5,3949,21,4.99,1.061702128
414,0.21,4.72,836,3941,-8,4.99,1.05720339
415,0.21,4.7,840.2,3951,10,4.99,1.061702128
404,0.21,4.68,843.3,3945,-6,4.99,1.066239316
416,0.2,4.69,839.5,3948,3,4.99,1.063965885
394,0.2,4.72,837,3951,3,4.99,1.05720339
407,0.2,4.74,831.6,3943,-8,4.99,1.052742616
396,0.21,4.72,837.4,3947,4,4.99,1.05720339
414,0.21,4.7,842.1,3952,5,4.99,1.061702128
411,0.21,4.68,844.6,3950,-2,4.99,1.066239316
412,0.2,4.7,842.1,3958,8,4.99,1.061702128
416,0.21,4.71,838.7,3954,-4,4.99,1.059447983
412,0.21,4.7,843.4,3963,9,4.99,1.061702128
397,0.21,4.68,845.4,3952,-11,4.99,1.066239316
412,0.2,4.7,844.1,3964,12,4.99,1.061702128
412,0.21,4.72,838.4,3954,-10,4.99,1.05720339
412,0.2,4.69,841,3950,-4,4.99,1.063965885
411,0.2,4.72,841.8,3981,31,4.99,1.05720339
404,0.2,4.74,837,3974,-7,4.99,1.052742616
414,0.2,4.72,838.8,3953,-21,4.99,1.05720339
414,0.2,4.74,838.1,3971,18,4.99,1.052742616
400,0.19,4.76,837.1,3987,16,4.99,1.048319328
402,0.2,4.78,828.4,3957,-30,4.99,1.043933054
404,0.19,4.76,831.2,3956,-1,4.99,1.048319328
408,0.2,4.77,821.2,3926,-30,4.99,1.046121593
387,0.2,4.76,831.2,3958,32,4.99,1.048319328
412,0.2,4.74,834.8,3956,-2,4.99,1.052742616
397,0.19,4.76,832.8,3963,7,4.99,1.048319328
398,0.2,4.78,828.4,3960,-3,4.99,1.043933054
412,0.19,4.76,829.5,3941,-19,4.99,1.048319328
407,0.19,4.78,830.7,3970,29,4.99,1.043933054
404,0.19,4.8,823.4,3954,-16,4.99,1.039583333
410,0.19,4.78,826.6,3949,-5,4.99,1.043933054
409,0.18,4.8,821.8,3949,0,4.99,1.039583333
406,0.19,4.82,816.6,3933,-16,4.99,1.03526971
409,0.19,4.8,820.3,3935,2,4.99,1.039583333
406,0.2,4.78,826,3949,14,4.99,1.043933054
399,0.2,4.76,832.2,3963,14,4.99,1.048319328
397,0.2,4.74,834.4,3951,-12,4.99,1.052742616
399,0.2,4.76,829.6,3944,-7,4.99,1.048319328
402,0.2,4.74,835.2,3958,14,4.99,1.052742616
396,0.2,4.72,838.2,3949,-9,4.99,1.05720339
407,0.2,4.73,833.5,3948,-1,4.99,1.054968288
392,0.2,4.72,837.3,3945,-3,4.99,1.05720339
386,0.2,4.74,835.4,3961,16,4.99,1.052742616
385,0.19,4.76,833,3964,3,4.99,1.048319328
403,0.2,4.78,823.6,3935,-29,4.99,1.043933054
402,0.19,4.76,825.2,3924,-11,4.99,1.048319328
406,0.2,4.78,819,3915,-9,4.99,1.043933054
440,0.19,4.76,822.4,3911,-4,4.99,1.048319328
529,0.2,4.77,810,3866,-45,4.98,1.044025157
401,0.2,4.77,841.4,4013,147,5,1.048218029
529,0.2,4.73,817,3872,-141,4.98,1.052854123
532,0.2,4.75,806.6,3822,-50,4.98,1.048421053
502,0.2,4.74,829.8,3928,106,4.99,1.052742616
525,0.2,4.71,818.8,3852,-76,4.98,1.057324841
342,0.2,4.76,857.3,4072,220,5.01,1.052521008
495,0.2,4.77,834.5,3984,-88,5.01,1.050314465
403,0.2,4.76,842.1,4007,23,5.01,1.052521008
374,0.21,4.73,849.4,4024,17,5.01,1.059196617
382,0.2,4.71,850.9,4006,-18,5,1.061571125
396,0.2,4.73,850.9,4024,18,5.01,1.059196617
378,0.2,4.76,844.1,4016,-8,5.01,1.052521008
398,0.21,4.73,852.9,4032,16,5.01,1.059196617
386,0.2,4.71,852.3,4006,-26,5,1.061571125
396,0.21,4.72,841.4,3972,-34,5,1.059322034
396,0.21,4.71,849.3,4000,28,5,1.061571125
396,0.22,4.69,861.7,4041,41,5,1.066098081
401,0.21,4.67,862,4022,-19,5,1.070663812
396,0.22,4.68,855.2,4008,-14,5,1.068376068
390,0.21,4.66,854.9,3983,-25,5,1.072961373
402,0.21,4.68,853.5,3997,14,5,1.068376068
391,0.2,4.71,856.2,4029,32,5,1.061571125
392,0.21,4.72,845.2,3995,-34,5,1.059322034
392,0.21,4.72,857.9,4041,46,5.01,1.061440678
401,0.22,4.69,858.8,4041,0,5.01,1.068230277
398,0.22,4.68,868.3,4055,14,5.01,1.070512821
385,0.22,4.64,865.5,4018,26,5,1.077586207
386,0.23,4.63,870.7,4025,7,5,1.079913607
402,0.22,4.6,873.3,4017,-8,5,1.086956522
398,0.22,4.63,871.5,4031,14,5,1.079913607
398,0.22,4.64,867.1,4020,-11,5,1.077586207
398,0.23,4.63,873.8,4046,26,5,1.079913607
392,0.22,4.6,878.6,4045,-1,5.01,1.089130435
393,0.22,4.63,874.1,4045,0,5,1.079913607
378,0.22,4.64,866.2,4024,-21,5,1.077586207
404,0.22,4.63,869.4,4021,-3,5,1.079913607
401,0.22,4.64,866,4023,2,5,1.077586207
398,0.21,4.67,863.6,4036,13,5,1.070663812
403,0.22,4.69,860.4,4029,-7,5,1.066098081
397,0.21,4.67,859.1,4005,-24,5,1.070663812
392,0.21,4.68,857.9,4016,11,5,1.068376068
388,0.2,4.71,857.5,4037,21,5,1.061571125
399,0.2,4.73,854.9,4041,4,5.01,1.059196617
404,0.2,4.75,845,4010,-31,5,1.052631579
402,0.21,4.73,851.6,4028,18,5,1.057082452
379,0.21,4.71,856.7,4032,4,5,1.061571125
386,0.21,4.68,859.1,4024,-8,5,1.068376068
389,0.21,4.71,853.1,4018,-6,5,1.061571125
400,0.22,4.68,859.2,4022,4,5,1.068376068
403,0.22,4.67,860.8,4023,1,5,1.070663812
383,0.22,4.64,864.3,4014,-9,5,1.077586207
406,0.21,4.67,861.7,4019,5,5,1.070663812
395,0.21,4.69,861.8,4042,23,5,1.066098081
398,0.21,4.71,853.5,4021,-21,5,1.061571125
395,0.22,4.68,860.6,4033,16,5,1.068376068
393,0.21,4.66,859.1,4005,-28,5,1.072961373
406,0.21,4.68,860.7,4033,28,5,1.068376068
392,0.21,4.71,853.7,4021,-12,5,1.061571125
389,0.21,4.68,855.4,4006,-15,5,1.068376068
385,0.2,4.71,856.7,4035,29,5,1.061571125
399,0.21,4.72,848.8,4008,-27,5,1.059322034
399,0.21,4.71,856.1,4031,23,5,1.061571125
391,0.21,4.68,855.5,4010,-21,5,1.068376068
409,0.2,4.71,853.8,4017,7,5,1.061571125
401,0.2,4.73,851.9,4032,15,5,1.057082452
404,0.2,4.75,845.5,4009,-23,5,1.052631579
407,0.21,4.72,849.3,4010,9,5,1.059322034
399,0.21,4.71,851.4,4011,1,5,1.061571125
410,0.22,4.68,856.5,4013,2,5,1.068376068
409,0.22,4.67,864.2,4028,15,5,1.070663812
415,0.22,4.64,862.4,4001,-27,5,1.077586207
410,0.21,4.66,861.5,4022,21,5,1.072961373
385,0.22,4.68,857.6,4014,-8,5,1.068376068
391,0.22,4.66,862.4,4021,7,5,1.072961373
400,0.22,4.64,863.7,4013,-8,5,1.077586207
411,0.21,4.66,861.6,4013,0,5,1.072961373
403,0.21,4.68,856.5,4014,1,5,1.068376068
413,0.21,4.7,853.1,4013,-1,5,1.063829787
415,0.21,4.68,854,4001,-12,5,1.068376068
406,0.2,4.71,854.8,4023,22,5,1.061571125
407,0.21,4.72,848.8,4013,-10,5,1.059322034
413,0.21,4.71,855,4023,10,5,1.061571125
405,0.21,4.68,856.2,4013,-10,5,1.068376068
401,0.21,4.7,848,3987,-26,5,1.063829787
401,0.22,4.68,855.2,4002,15,5,1.068376068
404,0.22,4.66,862,4021,19,5,1.072961373
409,0.22,4.64,865.1,4016,-5,5,1.077586207
414,0.21,4.66,860.3,4009,6,5,1.072961373
396,0.22,4.68,852.4,3990,-19,5,1.068376068
418,0.22,4.66,857,3993,3,5,1.072961373
406,0.22,4.64,859.6,3988,-5,5,1.077586207
400,0.21,4.66,860,4007,19,5,1.072961373
396,0.21,4.68,857.2,4017,10,5,1.068376068
415,0.21,4.7,850.6,3999,-18,5,1.063829787
419,0.21,4.68,851.9,3986,-13,5,1.068376068
393,0.2,4.7,852,4005,19,5,1.063829787
418,0.2,4.72,848.6,4006,1,5,1.059322034
418,0.2,4.74,840.2,3981,-25,5,1.054852321
423,0.21,4.72,842.9,3986,5,5,1.059322034
421,0.21,4.7,851.1,4000,14,5,1.063829787
412,0.22,4.68,855.1,4007,7,5,1.068376068
408,0.21,4.66,857.6,3999,-8,5,1.072961373
416,0.22,4.68,852.5,3996,-3,5,1.068376068
417,0.22,4.66,860.6,4011,15,5,1.072961373
399,0.22,4.64,860.8,3999,-12,5,1.077586207
426,0.22,4.66,852.8,3974,-25,4.99,1.070815451
405,0.22,4.64,857.5,3981,7,5,1.077586207
409,0.22,4.61,859.6,3966,-15,5,1.084598698
407,0.22,4.64,857.4,3973,7,5,1.077586207
424,0.21,4.66,855.4,3979,6,5,1.072961373
420,0.21,4.68,853.3,3992,13,5,1.068376068
424,0.21,4.7,844.5,3972,-20,5,1.063829787
411,0.21,4.68,845.1,3955,-17,4.99,1.066239316
422,0.2,4.7,845.1,3970,15,5,1.063829787
423,0.2,4.72,843.2,3981,11,5,1.059322034
427,0.2,4.74,836.7,3975,-6,5,1.054852321
421,0.2,4.72,841.4,3970,-5,5,1.059322034
416,0.2,4.74,835.4,3965,-5,5,1.054852321
420,0.21,4.72,840.1,3970,5,5,1.059322034
424,0.2,4.7,843.5,3967,-3,5,1.063829787
410,0.2,4.72,842.3,3978,11,5,1.059322034
429,0.2,4.74,834.8,3958,-20,5,1.054852321
416,0.2,4.72,839.3,3955,-3,5,1.059322034
416,0.2,4.73,834.6,3954,-1,4.99,1.054968288
411,0.2,4.72,834.2,3936,-18,4.99,1.05720339
424,0.2,4.74,832.6,3946,10,5,1.054852321
425,0.2,4.76,827,3936,-10,4.99,1.048319328
431,0.2,4.73,831.3,3931,-5,4.99,1.054968288
428,0.19,4.76,829.1,3943,12,4.99,1.048319328
425,0.2,4.77,817.5,3900,-43,4.99,1.046121593
426,0.2,4.76,822.8,3917,17,4.99,1.048319328
431,0.2,4.73,826.7,3918,1,4.99,1.054968288
427,0.2,4.72,828.2,3909,-9,4.99,1.05720339
420,0.2,4.73,829.6,3930,21,4.99,1.054968288
419,0.2,4.76,825.7,3929,-1,4.99,1.048319328
430,0.2,4.73,826.9,3912,-17,4.99,1.054968288
425,0.2,4.76,820.7,3901,-11,4.99,1.048319328
426,0.2,4.73,823.1,3896,-5,4.99,1.054968288
435,0.2,4.75,819.2,3888,-8,4.99,1.050526316
414,0.2,4.73,828.1,3915,27,4.99,1.054968288
438,0.2,4.71,826.3,3888,-27,4.99,1.059447983
425,0.2,4.73,820.6,3879,-9,4.99,1.054968288
421,0.2,4.71,822.4,3875,-4,4.99,1.059447983
417,0.2,4.72,821.1,3884,9,4.99,1.05720339
437,0.2,4.75,816.4,3875,-9,4.99,1.050526316
441,0.2,4.72,813.6,3847,-28,4.98,1.055084746
442,0.19,4.75,814.4,3864,17,4.99,1.050526316
421,0.2,4.76,806.6,3847,-17,4.98,1.046218487
424,0.2,4.75,818.4,3882,35,4.99,1.050526316
420,0.2,4.73,820.8,3883,1,4.99,1.054968288
441,0.2,4.71,818.3,3853,-30,4.98,1.057324841
444,0.2,4.72,811.9,3832,-21,4.98,1.055084746
422,0.21,4.71,819.3,3852,20,4.99,1.059447983
444,0.21,4.68,825.6,3863,11,4.98,1.064102564
441,0.22,4.66,829.2,3864,1,4.99,1.070815451
441,0.21,4.64,830.8,3861,-3,4.99,1.075431034
446,0.22,4.66,826.4,3855,-6,4.98,1.068669528
437,0.22,4.64,831.4,3858,3,4.98,1.073275862
428,0.22,4.62,834.5,3851,-7,4.98,1.077922078
438,0.22,4.64,822.5,3825,-26,4.98,1.073275862
451,0.22,4.61,823.2,3791,-34,4.98,1.080260304
440,0.22,4.64,813.4,3764,-27,4.98,1.073275862
457,0.22,4.6,814.3,3746,-18,4.97,1.080434783
462,0.22,4.63,808.7,3743,-3,4.97,1.073434125
460,0.22,4.61,815.1,3752,9,4.98,1.080260304
447,0.23,4.59,818.2,3754,2,4.97,1.082788671
454,0.22,4.56,822.9,3753,-1,4.98,1.092105263
454,0.22,4.6,822.4,3776,23,4.98,1.082608696
462,0.22,4.63,806.8,3730,-46,5,1.079913607
454,0.22,4.6,805.8,3703,-27,4.99,1.084782609
463,0.22,4.61,800.6,3687,-16,4.98,1.080260304
462,0.22,4.68,781.2,3657,-30,5.08,1.085470085
451,0.23,4.66,787.9,3670,13,5.06,1.08583691
468,0.22,4.64,787.3,3647,-23,5.08,1.094827586
465,0.22,4.67,789.2,3679,32,5.09,1.08993576
463,0.22,4.69,786.7,3692,13,5.08,1.08315565
467,0.22,4.71,778.7,3665,-27,5.08,1.078556263
466,0.22,4.68,777.7,3640,-25,5.08,1.085470085
482,0.22,4.7,773.2,3631,-9,5.06,1.076595745
465,0.22,4.68,772.5,3612,-19,5.06,1.081196581
468,0.21,4.7,768.5,3615,3,5.06,1.076595745
474,0.22,4.72,760.9,3583,-32,5.06,1.072033898
490,0.22,4.68,763.4,3583,0,5.06,1.081196581
490,0.22,4.68,765.9,3573,-10,5.06,1.081196581
488,0.21,4.7,761.8,3582,9,5.06,1.076595745
489,0.21,4.72,760,3588,6,5.08,1.076271186
486,0.21,4.74,756.5,3586,-2,5.08,1.071729958
474,0.22,4.73,767.8,3635,49,5.09,1.076109937
471,0.22,4.72,781.2,3689,39,5.1,1.080508475
461,0.22,4.7,786,3685,-4,5.1,1.085106383
475,0.21,4.72,787.1,3715,30,5.1,1.080508475
460,0.21,4.75,784.3,3723,8,5.1,1.073684211
461,0.21,4.76,780.5,3710,-13,5.1,1.071428571
461,0.22,4.75,788.2,3742,32,5.1,1.073684211
468,0.22,4.75,788.8,3737,-5,5.1,1.073684211
475,0.21,4.72,790.4,3735,-2,5.1,1.080508475
471,0.21,4.75,789.5,3749,14,5.1,1.073684211
451,0.21,4.76,783.8,3733,-16,5.1,1.071428571
467,0.2,4.77,788.8,3755,22,5.1,1.06918239
471,0.21,4.79,780,3730,-25,5.1,1.064718163
460,0.2,4.79,782.7,3744,14,5.1,1.064718163
473,0.2,4.8,774.4,3726,-18,5.1,1.0625
462,0.2,4.81,781,3764,38,5.1,1.06029106
453,0.2,4.83,771.4,3722,-42,5.1,1.055900621
467,0.2,4.81,778.7,3749,27,5.1,1.06029106
472,0.2,4.8,775.9,3730,-19,5.1,1.0625
466,0.2,4.81,779.8,3756,26,5.1,1.06029106
468,0.2,4.84,776.3,3745,-11,5.1,1.053719008
467,0.2,4.83,774.2,3735,-10,5.1,1.055900621
476,0.2,4.81,777.9,3745,10,5.1,1.06029106
473,0.21,4.79,784.3,3755,10,5.1,1.064718163
464,0.2,4.76,788.3,3754,-1,5.1,1.071428571
486,0.21,4.78,778.2,3723,-31,5.09,1.064853556
469,0.21,4.76,784.8,3733,10,5.1,1.071428571
474,0.22,4.74,789,3744,11,5.1,1.075949367
469,0.22,4.72,794.2,3750,6,5.1,1.080508475
479,0.21,4.72,796.4,3764,14,5.1,1.080508475
486,0.22,4.74,786,3725,-39,5.1,1.075949367
478,0.22,4.72,794.6,3753,28,5.1,1.080508475
468,0.22,4.72,791.4,3737,-16,5.1,1.080508475
490,0.22,4.7,796.6,3743,6,5.1,1.085106383
493,0.23,4.68,800.1,3745,2,5.1,1.08974359
492,0.22,4.66,800.8,3732,-13,5.1,1.094420601
486,0.23,4.68,794.2,3726,-6,5.1,1.08974359
492,0.22,4.65,799.1,3721,-5,5.09,1.094623656
497,0.23,4.68,790.5,3701,-20,5.09,1.087606838
496,0.23,4.65,797.4,3713,12,5.09,1.094623656
495,0.24,4.64,802.5,3727,14,5.09,1.096982759
493,0.23,4.61,805.1,3713,-14,5.09,1.104121475
493,0.23,4.64,807.9,3746,33,5.1,1.099137931
493,0.22,4.65,804.8,3754,8,5.1,1.096774194
484,0.23,4.68,796,3729,-25,5.09,1.087606838
494,0.22,4.65,800,3723,-6,5.09,1.094623656
494,0.22,4.68,797.1,3731,8,5.09,1.087606838
488,0.22,4.69,796.2,3742,11,5.09,1.085287846
490,0.22,4.72,791.6,3736,-6,5.1,1.080508475
485,0.22,4.7,797,3746,10,5.1,1.085106383
498,0.22,4.68,800.8,3741,-5,5.1,1.08974359
493,0.22,4.7,797.1,3742,-13,5.1,1.085106383
480,0.23,4.68,804,3763,21,5.1,1.08974359
495,0.23,4.66,808.5,3770,7,5.1,1.094420601
493,0.23,4.67,808.3,3767,-3,5.1,1.092077088
497,0.24,4.64,813.7,3778,11,5.1,1.099137931
489,0.24,4.62,819.1,3787,9,5.1,1.103896104
494,0.24,4.6,821,3773,-14,5.1,1.108695652
497,0.23,4.62,818.9,3783,10,5.1,1.103896104
474,0.23,4.62,815.6,3772,-11,5.1,1.103896104
496,0.24,4.64,810.7,3767,-5,5.1,1.099137931
484,0.24,4.62,819.1,3783,16,5.1,1.103896104
495,0.24,4.6,820,3764,-19,5.1,1.108695652
493,0.24,4.62,815,3760,-2,5.1,1.103896104
500,0.24,4.6,818.8,3761,1,5.1,1.108695652
506,0.24,4.57,817.4,3734,-27,5.09,1.113785558
507,0.24,4.6,814.9,3748,14,5.1,1.108695652
509,0.24,4.61,808.5,3724,-24,5.09,1.104121475
503,0.24,4.59,813.3,3746,22,5.09,1.108932462
510,0.24,4.56,810.5,3710,-36,5.09,1.11622807
500,0.24,4.59,812,3720,10,5.09,1.108932462
510,0.23,4.61,807.8,3732,12,5.09,1.104121475
506,0.24,4.63,801.2,3717,-15,5.09,1.099352052
505,0.24,4.61,811.3,3739,22,5.1,1.106290672
514,0.24,4.59,806.9,3703,-36,5.09,1.108932462
500,0.23,4.61,810.8,3739,36,5.09,1.104121475
518,0.24,4.64,805.7,3735,-4,5.09,1.096982759
496,0.23,4.61,805.1,3700,-35,5.09,1.104121475
519,0.23,4.64,803.8,3723,23,5.09,1.096982759
518,0.22,4.65,802,3728,5,5.09,1.094623656
513,0.22,4.68,798.9,3736,8,5.09,1.087606838
520,0.22,4.69,783.8,3680,-56,5.09,1.085287846
516,0.23,4.68,799,3739,59,5.09,1.087606838
519,0.22,4.65,798.3,3723,-16,5.09,1.094623656
512,0.22,4.68,800.6,3739,16,5.09,1.087606838
519,0.22,4.69,791.1,3709,-30,5.09,1.085287846
516,0.22,4.68,792.1,3704,-5,5.09,1.087606838
517,0.22,4.69,793.2,3728,24,5.09,1.085287846
515,0.22,4.72,790.8,3723,-5,5.09,1.078389831
520,0.22,4.71,801.6,3762,39,5.1,1.082802548
510,0.23,4.68,803.6,3760,24,5.1,1.08974359
522,0.22,4.66,803.6,3742,-18,5.09,1.092274678
513,0.22,4.68,801.7,3757,15,5.1,1.08974359
522,0.22,4.7,797.5,3747,-10,5.09,1.082978723
497,0.23,4.68,806,3777,30,5.1,1.08974359
518,0.22,4.66,808.6,3763,-14,5.1,1.094420601
523,0.22,4.68,806.1,3776,13,5.1,1.08974359
521,0.22,4.7,800.1,3763,-13,5.1,1.085106383
500,0.23,4.68,806.9,3780,17,5.1,1.08974359
524,0.22,4.66,805.9,3762,-18,5.09,1.092274678
518,0.22,4.68,807.2,3775,13,5.1,1.08974359
516,0.22,4.7,802.8,3777,2,5.1,1.085106383
516,0.22,4.72,796.1,3764,-13,5.1,1.080508475
514,0.22,4.7,800.5,3759,-5,5.09,1.082978723
521,0.22,4.72,795.7,3755,-4,5.09,1.078389831
521,0.22,4.69,795.3,3741,-14,5.09,1.085287846
532,0.22,4.72,792,3731,-10,5.08,1.076271186
531,0.22,4.7,798.3,3738,7,5.08,1.080851064
519,0.22,4.68,799.1,3736,-2,5.09,1.087606838
506,0.22,4.69,798.8,3753,17,5.09,1.085287846
520,0.22,4.72,791.8,3741,-12,5.08,1.076271186
529,0.22,4.69,794.5,3733,-8,5.08,1.08315565
532,0.21,4.72,792.7,3743,10,5.08,1.076271186
518,0.22,4.74,789.9,3739,-4,5.09,1.073839662
524,0.22,4.72,797.4,3760,21,5.09,1.078389831
530,0.22,4.69,800.1,3751,-9,5.09,1.085287846
532,0.22,4.72,796,3744,-7,5.09,1.078389831
517,0.22,4.7,803,3775,-1,5.09,1.082978723
530,0.21,4.72,802.1,3789,14,5.09,1.078389831
532,0.22,4.74,794.4,3768,-21,5.09,1.073839662
521,0.22,4.72,796.9,3770,2,5.09,1.078389831
531,0.22,4.7,805.8,3786,16,5.09,1.082978723
517,0.22,4.68,808,3773,-13,5.09,1.087606838
528,0.22,4.7,807.8,3798,25,5.09,1.082978723
531,0.22,4.72,798.6,3771,-27,5.09,1.078389831
531,0.22,4.7,808.1,3796,25,5.09,1.082978723
535,0.22,4.68,808.3,3787,-9,5.09,1.087606838
533,0.22,4.7,805.6,3778,-9,5.09,1.082978723
522,0.23,4.68,810,3790,12,5.09,1.087606838
534,0.23,4.66,814.5,3793,2,5.09,1.092274678
528,0.23,4.64,814.6,3775,-18,5.09,1.096982759
513,0.22,4.67,815.4,3799,24,5.09,1.08993576
537,0.23,4.68,811,3797,-2,5.09,1.087606838
519,0.23,4.66,816.9,3812,15,5.1,1.094420601
536,0.23,4.64,817.7,3789,-23,5.09,1.096982759
538,0.22,4.66,812.5,3790,1,5.09,1.092274678
539,0.22,4.68,812,3803,13,5.09,1.087606838
523,0.22,4.71,812.4,3828,25,5.1,1.082802548
519,0.22,4.73,808.4,3822,-6,5.1,1.078224101
534,0.22,4.71,810.7,3819,-3,5.1,1.082802548
530,0.22,4.73,805.9,3809,-10,5.1,1.078224101
524,0.22,4.71,812.4,3825,16,5.1,1.082802548
535,0.22,4.68,811.3,3799,-26,5.09,1.087606838
525,0.22,4.71,810.2,3813,14,5.1,1.082802548
532,0.22,4.73,806.6,3810,-3,5.1,1.078224101
534,0.22,4.71,813.4,3825,15,5.1,1.082802548
536,0.23,4.68,816.2,3826,1,5.1,1.08974359
528,0.22,4.67,816,3812,-4,5.1,1.092077088
522,0.22,4.69,817.5,3836,24,5.1,1.087420043
514,0.22,4.71,814.8,3839,3,5.1,1.082802548
526,0.22,4.73,805.1,3815,-24,5.1,1.078224101
526,0.22,4.71,811,3823,8,5.1,1.082802548
528,0.23,4.68,814.9,3826,3,5.1,1.08974359
532,0.23,4.67,822.3,3835,9,5.1,1.092077088
525,0.23,4.64,824.1,3825,-10,5.09,1.096982759
526,0.23,4.67,817.2,3820,-5,5.1,1.092077088
527,0.24,4.64,824,3824,4,5.09,1.096982759
534,0.23,4.62,827,3817,-7,5.1,1.103896104
529,0.23,4.64,824.2,3833,16,5.1,1.099137931
534,0.23,4.67,820.5,3830,-7,5.1,1.092077088
524,0.23,4.64,824,3823,-7,5.1,1.099137931
538,0.22,4.67,823.2,3844,21,5.1,1.092077088
529,0.23,4.69,819.2,3841,-3,5.1,1.087420043
527,0.22,4.67,817.7,3819,-22,5.09,1.08993576
528,0.22,4.68,816.3,3831,12,5.1,1.08974359
537,0.22,4.71,813.7,3827,-4,5.1,1.082802548
534,0.23,4.69,816.6,3836,9,5.1,1.087420043
531,0.22,4.67,818.3,3814,-22,5.1,1.092077088
538,0.22,4.69,820.4,3843,29,5.1,1.087420043
540,0.22,4.71,815.7,3837,-6,5.1,1.082802548
520,0.23,4.69,818.8,3839,2,5.1,1.087420043
542,0.22,4.67,820.7,3828,-11,5.1,1.092077088
530,0.22,4.69,821.6,3856,28,5.1,1.087420043
532,0.22,4.71,810.5,3819,-37,5.1,1.082802548
534,0.22,4.68,811.6,3812,-7,5.09,1.087606838
539,0.22,4.71,812.7,3822,10,5.1,1.082802548
529,0.21,4.73,809.9,3844,22,5.1,1.078224101
516,0.22,4.75,808.2,3837,-7,5.1,1.073684211
529,0.21,4.73,807,3819,-18,5.1,1.078224101
530,0.21,4.76,806.2,3836,17,5.1,1.071428571
528,0.2,4.77,803.8,3844,8,5.1,1.06918239
519,0.21,4.79,797.7,3822,-22,5.1,1.064718163
539,0.21,4.77,802.7,3824,2,5.1,1.06918239
542,0.21,4.75,802.8,3811,-13,5.09,1.071578947
543,0.2,4.76,800.9,3820,9,5.1,1.071428571
538,0.2,4.8,797.6,3827,7,5.1,1.0625
544,0.2,4.81,789.3,3802,-25,5.09,1.058212058
526,0.21,4.8,796.2,3812,10,5.09,1.060416667
546,0.2,4.77,799.9,3810,-2,5.1,1.06918239
540,0.21,4.79,791.1,3793,-17,5.09,1.06263048
541,0.21,4.77,798.9,3810,8,5.1,1.06918239
535,0.22,4.75,803.8,3817,7,5.1,1.073684211
544,0.21,4.72,802.6,3799,-18,5.09,1.078389831
531,0.22,4.75,796.3,3770,-29,5.09,1.071578947
528,0.22,4.72,801.9,3793,23,5.09,1.078389831
546,0.22,4.71,808.3,3805,12,5.09,1.080679406
543,0.22,4.68,812.3,3803,-2,5.09,1.087606838
534,0.22,4.71,811.2,3813,10,5.09,1.080679406
532,0.22,4.72,798.2,3775,-38,5.09,1.078389831
538,0.22,4.71,808.3,3791,16,5.09,1.080679406
540,0.22,4.68,807.3,3772,-19,5.09,1.087606838
529,0.22,4.71,807,3794,22,5.09,1.080679406
547,0.22,4.72,798,3777,-17,5.08,1.076271186
542,0.22,4.7,805.7,3785,8,5.09,1.082978723
533,0.23,4.68,810.1,3799,14,5.09,1.087606838
535,0.22,4.66,814.7,3789,-10,5.09,1.092274678
538,0.23,4.68,807.5,3773,-16,5.09,1.087606838
540,0.22,4.65,808.7,3766,-7,5.09,1.094623656
538,0.23,4.68,802.1,3743,-23,5.09,1.087606838
542,0.23,4.65,807.2,3753,10,5.09,1.094623656
538,0.23,4.63,808,3740,-13,5.08,1.097192225
546,0.23,4.65,803.3,3731,-9,5.08,1.092473118
544,0.24,4.63,808.2,3739,8,5.08,1.097192225
531,0.23,4.6,804.4,3707,-32,5.08,1.104347826
548,0.23,4.63,804,3719,12,5.08,1.097192225
526,0.22,4.65,802.1,3733,14,5.08,1.092473118
524,0.23,4.67,797.9,3726,-7,5.08,1.087794433
529,0.22,4.64,797.2,3704,-22,5.08,1.094827586
545,0.22,4.67,799.2,3722,18,5.08,1.087794433
538,0.22,4.69,792.6,3723,1,5.08,1.08315565
547,0.22,4.71,786,3696,-27,5.08,1.078556263
550,0.22,4.68,786.4,3684,-12,5.08,1.085470085
547,0.22,4.71,782.6,3680,-4,5.08,1.078556263
544,0.22,4.68,784.1,3673,-7,5.06,1.081196581
546,0.22,4.71,778.9,3666,-24,5.06,1.074309979
533,0.22,4.68,774.6,3619,-47,5.06,1.081196581
546,0.21,4.7,777.8,3650,31,5.06,1.076595745
546,0.22,4.72,770.9,3631,-19,5.06,1.072033898
553,0.21,4.69,762.3,3583,-48,5.05,1.076759062
533,0.21,4.72,765.9,3613,30,5.06,1.072033898
546,0.21,4.73,757.9,3584,-29,5.05,1.067653277
547,0.21,4.71,755.5,3555,-29,5.05,1.072186837
534,0.21,4.73,750.4,3551,-4,5.05,1.067653277
524,0.22,4.71,755.4,3556,5,5.05,1.072186837
547,0.21,4.68,755.3,3538,-18,5.05,1.079059829
548,0.22,4.7,748.6,3525,-13,5.05,1.074468085
526,0.21,4.68,747.8,3498,-27,5.04,1.076923077
544,0.22,4.7,739.6,3473,-25,5.04,1.072340426
545,0.21,4.68,741.4,3468,-5,5.04,1.076923077
542,0.22,4.69,733.4,3444,-24,5.03,1.07249467
541,0.22,4.68,740.6,3464,20,5.04,1.076923077
536,0.22,4.64,727.5,3378,-86,5.03,1.084051724
554,0.21,4.67,728.1,3396,18,5.03,1.077087794
538,0.22,4.68,720.2,3368,-28,5.03,1.074786325
541,0.22,4.66,723.8,3375,7,5.03,1.079399142
543,0.22,4.64,718.4,3332,-43,5.02,1.081896552
558,0.21,4.65,716.9,3343,11,5.02,1.079569892
556,0.22,4.68,707.3,3309,-34,5.02,1.072649573
548,0.21,4.65,711,3306,-3,5.02,1.079569892
542,0.22,4.67,698.7,3263,-43,5.01,1.072805139
564,0.21,4.64,698,3242,-21,5.01,1.079741379
566,0.22,4.66,689.7,3210,-32,5.01,1.075107296
564,0.21,4.64,692.1,3209,-1,5.01,1.079741379
576,0.22,4.64,673.8,3133,-21,4.99,1.075431034
576,0.21,4.61,674.1,3111,-22,4.99,1.082429501
562,0.22,4.64,668.7,3105,-6,4.99,1.075431034
567,0.21,4.61,666.3,3066,-39,4.99,1.082429501
563,0.22,4.64,659,3048,-18,4.98,1.073275862
574,0.21,4.61,658.9,3040,-8,4.99,1.082429501
585,0.22,4.63,653,3016,-24,4.98,1.075593952
589,0.21,4.6,647.3,2976,-40,4.97,1.080434783
588,0.22,4.62,640.7,2958,-18,4.97,1.075757576
592,0.21,4.6,638.2,2931,-27,4.97,1.080434783
598,0.22,4.61,626.5,2884,-47,4.96,1.075921909
595,0.21,4.58,624.8,2867,-17,4.95,1.080786026
601,0.22,4.6,620.8,2855,-12,4.95,1.076086957
591,0.21,4.57,617.2,2825,-30,4.95,1.083150985
593,0.22,4.59,607.2,2789,-36,4.93,1.074074074
606,0.21,4.56,607.8,2774,-15,4.93,1.081140351
612,0.22,4.58,597.3,2737,-37,4.93,1.076419214
614,0.21,4.56,595.5,2709,-28,4.92,1.078947368
616,0.22,4.57,587,2681,-28,4.92,1.076586433
617,0.21,4.55,581.1,2643,-38,4.91,1.079120879
619,0.22,4.56,572.4,2611,-32,4.91,1.076754386
627,0.21,4.54,572.3,2598,-13,4.91,1.081497797
629,0.22,4.56,566.6,2585,-13,4.91,1.076754386
630,0.21,4.54,565.6,2567,-18,4.91,1.081497797
622,0.22,4.55,553.8,2520,-47,4.9,1.076923077
643,0.21,4.52,548.6,2482,-38,4.9,1.084070796
646,0.22,4.54,541.3,2458,-24,4.89,1.077092511
642,0.21,4.52,538.1,2426,-32,4.89,1.081858407
649,0.22,4.53,530,2396,-30,4.88,1.077262693
652,0.21,4.51,524.3,2364,-32,4.88,1.082039911
659,0.22,4.52,518.3,2341,-23,4.88,1.079646018
661,0.21,4.49,511.6,2298,-43,4.87,1.084632517
662,0.21,4.52,508.5,2299,1,4.87,1.077433628
654,0.21,4.52,495.4,2255,-44,4.86,1.075221239
665,0.21,4.51,498.7,2247,-8,4.87,1.079822616
667,0.21,4.52,487.6,2216,-31,4.86,1.075221239
671,0.21,4.5,486.7,2186,-30,4.86,1.08
676,0.21,4.52,477.6,2153,-33,4.85,1.07300885
683,0.21,4.48,473.7,2124,-29,4.85,1.082589286
686,0.21,4.51,468.5,2109,-15,4.84,1.073170732
693,0.21,4.48,457.6,2045,-64,4.84,1.080357143
683,0.21,4.49,453,2035,-10,4.84,1.077951002
692,0.21,4.47,448.5,2002,-33,4.83,1.080536913
701,0.21,4.48,441.2,1978,-24,4.83,1.078125
703,0.21,4.46,437.3,1946,-32,4.83,1.082959641
709,0.21,4.48,430.1,1925,-21,4.82,1.075892857
713,0.21,4.45,425,1889,-36,4.82,1.083146067
712,0.21,4.47,418.7,1869,-20,4.81,1.07606264
720,0.21,4.44,408.4,1818,-51,4.81,1.083333333
729,0.21,4.45,396.7,1761,-37,4.79,1.076404494
726,0.21,4.43,396.7,1753,-8,4.79,1.081264108
735,0.21,4.44,386.7,1720,-33,4.78,1.076576577
738,0.21,4.41,382.6,1686,-34,4.78,1.083900227
730,0.21,4.44,378.4,1681,-5,4.78,1.076576577
746,0.21,4.4,371.5,1631,-50,4.77,1.084090909
742,0.21,4.4,366.2,1613,-18,4.75,1.079545455
753,0.21,4.38,358.4,1577,-36,4.74,1.082191781
758,0.21,4.4,353,1552,-25,4.74,1.077272727
751,0.21,4.36,348.6,1520,-32,4.73,1.084862385
765,0.21,4.39,342.2,1499,-21,4.73,1.077448747
768,0.21,4.36,338.8,1471,-28,4.73,1.084862385
762,0.21,4.38,332.7,1453,-18,4.72,1.077625571
772,0.21,4.36,327.9,1425,-28,4.72,1.082568807
779,0.21,4.36,319.5,1394,-31,4.72,1.082568807
785,0.21,4.34,312.2,1358,-36,4.71,1.085253456
787,0.21,4.36,307,1339,-19,4.71,1.080275229
790,0.21,4.33,301.8,1307,-32,4.7,1.085450346
796,0.21,4.35,295.6,1285,-22,4.7,1.08045977
803,0.21,4.32,287.4,1238,-47,4.69,1.085648148
804,0.21,4.34,284.3,1232,-6,4.69,1.080645161
814,0.21,4.31,276.9,1197,-35,4.69,1.088167053
818,0.21,4.32,271.9,1173,-24,4.68,1.083333333
818,0.21,4.3,267.4,1153,-20,4.68,1.088372093
824,0.21,4.32,260.5,1124,-29,4.68,1.083333333
828,0.21,4.29,257.2,1102,-22,4.68,1.090909091
830,0.21,4.31,251.2,1082,-20,4.66,1.081206497
837,0.21,4.28,246.7,1057,-25,4.66,1.088785047
841,0.21,4.3,239.3,1031,-26,4.65,1.081395349
843,0.21,4.28,235.8,1006,-25,4.65,1.086448598
847,0.21,4.29,231.3,988,-18,4.65,1.083916084
856,0.21,4.27,223.1,955,-33,4.64,1.086651054
861,0.21,4.28,219,934,-21,4.64,1.08411215
858,0.21,4.26,214.2,914,-20,4.64,1.089201878
864,0.21,4.28,213,908,-6,4.64,1.08411215
868,0.21,4.25,205.9,879,-29,4.63,1.089411765
872,0.21,4.27,201.9,866,-13,4.63,1.084309133
874,0.21,4.24,196.4,832,-34,4.63,1.091981132
882,0.21,4.26,193.1,820,-12,4.63,1.08685446
884,0.21,4.24,190.3,807,-13,4.62,1.089622642
894,0.21,4.25,179.3,762,-45,4.62,1.087058824
898,0.21,4.23,177.4,748,-14,4.62,1.092198582
898,0.21,4.24,175,745,-3,4.62,1.089622642
899,0.21,4.22,171.1,718,-27,4.61,1.092417062
900,0.2,4.24,169.6,721,3,4.61,1.087264151
910,0.21,4.26,163.1,696,-25,4.61,1.082159624
912,0.2,4.24,160.7,676,-20,4.61,1.087264151
916,0.21,4.25,157,667,-9,4.6,1.082352941
921,0.2,4.23,152.8,645,-22,4.6,1.087470449
923,0.21,4.24,149.2,632,-13,4.6,1.08490566
931,0.21,4.22,124.7,613,-19,4.59,1.087677725
934,0.2,4.24,146.6,598,-15,4.6,1.08490566
935,0.2,4.23,137.8,582,-16,4.59,1.085106383
942,0.21,4.2,130,556,-15,4.58,1.09047619
947,0.2,4.22,128.3,542,-14,4.59,1.087677725
953,0.2,4.22,141.3,523,-19,4.58,1.085308057
962,0.21,4.2,109.4,496,-14,4.58,1.09047619
963,0.21,4.19,116.2,486,-10,4.57,1.090692124
968,0.2,4.21,128.5,478,-8,4.58,1.087885986
971,0.21,4.19,111.7,467,-11,4.57,1.090692124
972,0.2,4.2,109.2,455,-12,4.58,1.09047619
985,0.21,4.18,86.3,427,-18,4.57,1.093301435
986,0.21,4.18,101.5,421,-6,4.57,1.093301435
988,0.2,4.2,98.5,412,-9,4.57,1.088095238
993,0.21,4.17,91.3,403,-9,4.56,1.09352518
993,0.21,4.17,95.1,397,-6,4.56,1.09352518
1000,0.2,4.19,92.1,383,-14,4.57,1.090692124
1002,0.2,4.19,95.9,377,-6,4.56,1.088305489
1005,0.2,4.19,89.1,371,-6,4.56,1.088305489
1010,0.21,4.16,86.8,362,-9,4.56,1.096153846
1012,0.2,4.18,97,357,-5,4.56,1.090909091
1014,0.2,4.18,85,351,-6,4.56,1.090909091
1020,0.2,4.18,82.2,344,-7,4.56,1.090909091
1023,0.21,4.16,71.6,336,-8,4.55,1.09375
1023,0.2,4.18,78.9,332,-4,4.56,1.090909091
1023,0.21,4.16,78,325,-7,4.56,1.096153846
1023,0.2,4.17,76.5,318,-7,4.56,1.09352518
1023,0.21,4.15,75.3,313,-5,4.55,1.096385542
1023,0.21,4.15,74.1,308,-5,4.55,1.096385542
1023,0.2,4.17,72.3,302,-6,4.55,1.091127098
1023,0.2,4.16,87.4,298,-4,4.55,1.09375
1023,0.2,4.16,82.4,295,-3,4.55,1.09375
1023,0.21,4.15,70,289,-6,4.55,1.096385542
1023,0.21,4.15,69.4,286,-3,4.55,1.096385542
1023,0.2,4.16,67.8,281,-5,4.55,1.09375
1023,0.21,4.14,68.2,278,-3,4.55,1.099033816
1023,0.21,4.14,66,273,-5,4.55,1.099033816
1023,0.2,4.16,65.1,271,-2,4.55,1.09375
1023,0.2,4.16,64.8,268,-3,4.55,1.09375
1023,0.21,4.13,63,264,-4,4.55,1.101694915
1023,0.2,4.15,75.3,255,-9,4.55,1.096385542
1023,0.2,4.15,71.4,253,-2,4.55,1.096385542
1023,0.2,4.15,68.4,251,-2,4.55,1.096385542
1023,0.21,4.15,63,252,1,4.55,1.096385542
1023,0.21,4.12,60.7,250,-2,4.55,1.104368932
1023,0.21,4.11,60.7,249,-1,4.54,1.104622871
1023,0.2,4.09,61.2,249,0,4.55,1.112469438
1023,0.2,4.14,60,248,-1,4.55,1.099033816
1023,0.2,4.12,60.8,249,1,4.55,1.104368932
1023,0.2,4.15,59.3,247,-1,4.54,1.093975904
1023,0.2,4.16,59,245,-2,4.55,1.09375
1023,0.2,4.15,59.9,247,2,4.55,1.096385542
1023,0.2,4.16,59.7,244,-3,4.55,1.09375
1023,0.2,4.17,58,242,-2,4.54,1.088729017
1023,0.19,4.13,142,242,1,4.6,1.113801453
1023,0.2,4.18,58,241,-1,4.54,1.086124402
1023,0.19,4.18,57.5,241,0,4.54,1.086124402
1023,0.19,4.2,57.3,239,-2,4.54,1.080952381
1023,0.19,4.21,56.1,237,-2,4.54,1.078384798
1023,0.18,4.2,56.9,238,1,4.54,1.080952381
1023,0.19,4.23,55.6,236,-2,4.55,1.075650118
1023,0.18,4.23,55.4,233,-3,4.54,1.073286052
1023,0.18,4.21,55.5,234,1,4.54,1.078384798
1023,0.18,4.25,53.9,231,-3,4.54,1.068235294
1023,0.18,4.24,54.7,232,1,4.54,1.070754717
1023,0.18,4.28,53.6,229,-3,4.54,1.060747664
1023,0.17,4.26,52.8,231,2,4.54,1.0657277
1023,0.17,4.3,56.4,228,-3,4.54,1.055813953
1023,0.17,4.28,54,229,1,4.54,1.060747664
1023,0.17,4.32,52.2,226,-3,4.54,1.050925926
1023,0.18,4.32,51.8,227,1,4.54,1.050925926
1023,0.18,4.3,60.1,227,0,4.54,1.055813953
1023,0.18,4.27,53.2,228,-1,4.54,1.06323185
1023,0.17,4.26,52.7,229,1,4.54,1.0657277
1023,0.17,4.3,53.6,227,-2,4.54,1.055813953
1023,0.17,4.28,53.7,227,0,4.54,1.060747664
1023,0.16,4.31,52.8,228,1,4.54,1.053364269
1023,0.16,4.32,53.8,228,0,4.54,1.050925926
1023,0.16,4.36,61.9,227,-1,4.54,1.041284404
1023,0.16,4.35,53.3,228,1,4.54,1.043678161
1023,0.15,4.37,49.7,236,1,4.54,1.038901602
1023,0.15,4.41,53.2,233,-3,4.55,1.031746032
1023,0.15,4.4,54.2,237,5,4.54,1.031818182
1023,0.15,4.44,61.5,233,-4,4.54,1.022522523
1023,0.15,4.41,52.8,232,-1,4.54,1.029478458
1023,0.15,4.44,59.6,230,-2,4.55,1.024774775
1023,0.15,4.41,52.2,230,0,4.54,1.029478458
1023,0.15,4.45,51.6,228,0,4.55,1.02247191
1023,0.15,4.43,52.9,226,-2,4.54,1.0248307
1023,0.16,4.43,51.5,227,1,4.55,1.027088036
1023,0.15,4.39,52.3,229,2,4.54,1.034168565
1023,0.15,4.41,46.7,226,-3,4.54,1.029478458
1023,0.16,4.43,51,226,0,4.55,1.027088036
1023,0.16,4.41,62,228,2,4.54,1.029478458
1023,0.16,4.39,52,228,0,4.54,1.034168565
1023,0.17,4.37,65.6,231,3,4.54,1.038901602
1023,0.17,4.35,54.2,231,0,4.54,1.043678161
1023,0.18,4.33,53.2,231,0,4.54,1.048498845
1023,0.17,4.28,52.8,231,0,4.54,1.060747664
1023,0.17,4.31,54.3,228,-3,4.54,1.053364269
1023,0.18,4.32,53.5,229,1,4.54,1.050925926
1023,0.17,4.28,53.1,231,2,4.54,1.060747664
1023,0.17,4.32,52.1,226,-5,4.54,1.050925926
1023,0.16,4.31,51.2,227,1,4.54,1.053364269
1023,0.16,4.35,53.4,224,-1,4.54,1.043678161
1023,0.16,4.32,53.2,226,2,4.54,1.050925926
1023,0.16,4.35,51.3,225,-1,4.54,1.043678161
1023,0.16,4.35,52.3,225,0,4.54,1.043678161
1023,0.16,4.36,52.3,224,-1,4.54,1.041284404
1023,0.16,4.39,59.4,224,0,4.54,1.034168565
1023,0.16,4.36,50,217,-7,4.54,1.041284404
1023,0.16,4.35,52.6,225,8,4.54,1.043678161
1023,0.16,4.39,51.3,222,-2,4.54,1.034168565
1023,0.16,4.39,50.3,220,-2,4.54,1.034168565
1023,0.16,4.39,52.3,220,0,4.54,1.034168565
1023,0.16,4.34,50.8,219,0,4.54,1.046082949
1023,0.16,4.38,57.5,217,-2,4.54,1.03652968
1023,0.16,4.39,51.3,217,0,4.54,1.034168565
1023,0.17,4.36,49.3,217,0,4.54,1.041284404
1023,0.16,4.32,50.4,220,3,4.54,1.050925926
1023,0.16,4.36,49.3,217,-3,4.54,1.041284404
1023,0.17,4.36,50.5,220,3,4.54,1.041284404
1023,0.16,4.32,50.8,221,1,4.54,1.050925926
1023,0.16,4.36,49.3,218,-3,4.54,1.041284404
1023,0.17,4.36,51.9,221,3,4.54,1.041284404
1023,0.16,4.32,51.5,222,1,4.54,1.050925926
1023,0.16,4.35,50,222,0,4.54,1.043678161
1023,0.16,4.4,49.9,218,-4,4.55,1.034090909
1023,0.16,4.39,50,220,2,4.55,1.036446469
1023,0.17,4.37,53.4,221,1,4.55,1.041189931
1023,0.16,4.33,52.6,222,1,4.55,1.050808314
1023,0.16,4.35,50.9,222,0,4.55,1.045977011
1023,0.15,4.38,53.6,232,10,4.55,1.038812785
1023,0.16,4.4,53,230,-2,4.55,1.034090909
1023,0.16,4.42,52.9,230,0,4.55,1.029411765
1023,0.15,4.37,49.8,230,0,4.55,1.041189931
1023,0.16,4.4,52.3,227,-3,4.54,1.031818182
1023,0.16,4.39,49.8,217,-10,4.55,1.036446469
1023,0.16,4.39,47.9,209,-8,4.55,1.036446469
1023,0.15,4.41,50.5,227,18,4.56,1.034013605
1023,0.15,4.43,51.8,227,0,4.56,1.029345372
1023,0.15,4.46,50.9,227,0,4.55,1.020179372
1023,0.16,4.44,63.7,228,1,4.55,1.024774775
1023,0.16,4.41,51.6,228,0,4.55,1.031746032
1023,0.16,4.4,58.2,227,-1,4.55,1.034090909
1023,0.15,4.37,50,226,8,4.55,1.041189931
1023,0.15,4.4,52.2,228,2,4.55,1.034090909
1023,0.15,4.44,62.1,227,-1,4.55,1.024774775
1023,0.15,4.41,51.5,227,0,4.54,1.029478458
1023,0.14,4.44,51.3,227,0,4.54,1.022522523
1023,0.15,4.48,55.7,227,0,4.55,1.015625
1023,0.15,4.45,64.6,228,1,4.55,1.02247191
1023,0.16,4.44,51.4,228,0,4.55,1.024774775
1023,0.15,4.4,52.2,228,0,4.54,1.031818182
1023,0.16,4.44,61.8,228,0,4.55,1.024774775
1023,0.15,4.4,52.2,228,0,4.54,1.031818182
1023,0.15,4.44,56.8,227,-1,4.55,1.024774775
1023,0.15,4.41,51.4,226,-1,4.54,1.029478458
1023,0.15,4.41,50.5,226,0,4.54,1.029478458
1023,0.14,4.44,46,224,0,4.54,1.022522523
1023,0.14,4.47,61.7,222,-2,4.55,1.017897092
1023,0.14,4.47,47.5,214,-8,4.54,1.015659955
1023,0.15,4.48,61.6,224,10,4.55,1.015625
1023,0.14,4.44,51.3,228,4,4.54,1.022522523
1023,0.15,4.45,44.4,227,-1,4.54,1.020224719
1023,0.15,4.45,48.1,226,-1,4.54,1.020224719
1023,0.14,4.48,50.7,225,-1,4.55,1.015625
1023,0.14,4.45,45.4,225,0,4.54,1.020224719
1023,0.13,4.48,49.3,225,0,4.54,1.013392857
1023,0.14,4.49,50.2,224,-1,4.54,1.011135857
1023,0.14,4.49,44.7,222,-2,4.54,1.011135857
1023,0.14,4.52,49.2,223,1,4.55,1.006637168
1023,0.15,4.49,49.9,225,2,4.55,1.013363029
1023,0.15,4.48,50.1,225,0,4.55,1.015625
1023,0.15,4.45,61.5,227,2,4.55,1.02247191
1023,0.15,4.41,51.9,227,0,4.54,1.029478458
1023,0.15,4.44,45.5,226,-1,4.54,1.022522523
1023,0.14,4.44,49.8,227,1,4.54,1.022522523
1023,0.14,4.48,50.5,223,-4,4.55,1.015625
1023,0.15,4.48,56.1,226,3,4.55,1.015625
1023,0.15,4.45,51.1,227,1,4.55,1.02247191
1023,0.15,4.44,52.9,226,-1,4.55,1.024774775
1023,0.15,4.41,52,227,1,4.54,1.029478458
1023,0.14,4.44,50.9,227,0,4.54,1.022522523
1023,0.15,4.45,44.4,226,-1,4.54,1.020224719
1023,0.15,4.48,55.1,226,0,4.55,1.015625
1023,0.14,4.44,47.6,226,0,4.54,1.022522523
1023,0.14,4.45,50.6,226,0,4.54,1.020224719
1023,0.14,4.48,48.2,224,-2,4.54,1.013392857
1023,0.15,4.49,50.1,224,0,4.55,1.013363029
1023,0.15,4.48,51.3,225,1,4.55,1.015625
1023,0.15,4.45,50.7,225,0,4.55,1.02247191
1023,0.16,4.44,52.9,226,1,4.55,1.024774775
1023,0.15,4.4,51.7,227,1,4.54,1.031818182
1023,0.15,4.44,51.2,226,-1,4.55,1.024774775
1023,0.16,4.44,59.9,226,0,4.55,1.024774775
1023,0.15,4.4,51.7,227,1,4.54,1.031818182
1023,0.15,4.44,50.8,226,-1,4.55,1.024774775
1023,0.16,4.44,60.1,227,1,4.55,1.024774775
1023,0.15,4.41,52.2,226,-1,4.55,1.031746032
1023,0.16,4.41,64.3,226,0,4.55,1.031746032
1023,0.16,4.39,51.6,228,2,4.55,1.036446469
1023,0.16,4.37,52.1,227,-1,4.55,1.041189931
1023,0.16,4.36,49.7,227,-1,4.55,1.043577982
1023,0.16,4.37,52.2,226,-1,4.55,1.041189931
1023,0.16,4.36,50.7,227,1,4.55,1.043577982
1023,0.15,4.37,52.4,228,1,4.54,1.038901602
1023,0.15,4.41,55.6,226,-2,4.55,1.031746032
1023,0.15,4.4,47.4,227,1,4.54,1.031818182
1023,0.15,4.44,50.9,225,-2,4.55,1.024774775
1023,0.16,4.44,54.3,227,2,4.55,1.024774775
1023,0.16,4.4,47.3,226,-1,4.54,1.031818182
1023,0.15,4.4,49.5,226,0,4.54,1.031818182
1023,0.15,4.41,46.4,227,1,4.54,1.029478458
1023,0.14,4.44,51.6,227,1,4.54,1.022522523
1023,0.15,4.45,49,226,-1,4.54,1.020224719
1023,0.15,4.48,50.6,226,0,4.55,1.015625
1023,0.14,4.44,51.5,227,1,4.54,1.022522523
1023,0.14,4.48,57.8,223,-4,4.55,1.015625
1023,0.14,4.45,50.7,226,3,4.54,1.020224719
1023,0.14,4.48,49.9,222,-4,4.54,1.013392857
1023,0.14,4.49,57.3,221,-1,4.55,1.013363029
1023,0.15,4.49,49.2,222,1,4.55,1.013363029
1023,0.14,4.45,50.8,224,2,4.54,1.020224719
1023,0.14,4.48,45.7,222,-2,4.54,1.013392857
1023,0.13,4.48,47.5,222,0,4.54,1.013392857
1023,0.13,4.49,45.5,218,12,4.54,1.011135857
1023,0.13,4.53,48,217,-1,4.55,1.004415011
1023,0.13,4.53,47.8,216,-1,4.54,1.002207506
1023,0.13,4.51,42.6,215,-1,4.54,1.006651885
1023,0.13,4.51,48.1,216,1,4.54,1.006651885
1023,0.13,4.55,46.5,212,1,4.55,1
1023,0.14,4.53,54,218,6,4.55,1.004415011
1023,0.13,4.49,42,223,5,4.54,1.011135857
1023,0.13,4.52,49.1,220,-3,4.54,1.004424779
1023,0.13,4.52,49.9,223,3,4.54,1.004424779
1023,0.13,4.55,52.3,221,-2,4.54,0.997802198
1023,0.13,4.56,61.5,222,1,4.55,0.997807018
1023,0.13,4.52,44.7,223,1,4.54,1.004424779
1023,0.13,4.53,49.2,222,-1,4.54,1.002207506
