1,573,0.04,5.22,244.5,1276.56,4.69
2,550,0.05,5.2,247.5,1286.28,4.69
3,544,0.05,5.18,251.2,1301.48,4.69
4,548,0.05,5.16,250.9,1293.9,4.69
5,561,0.05,5.17,240.7,1245.15,4.68
6,583,0.05,5.13,221.2,1135.42,4.66
7,582,0.05,5.11,170.7,872.1,4.63
8,595,0.05,5.15,235,1210.02,4.68
9,570,0.06,5.13,241.2,1236.15,4.68
10,570,0.06,5.11,245.9,1256.3,4.68
11,577,0.07,5.09,247.1,1258.47,4.68
12,578,0.07,5.07,249.7,1265.72,4.68
13,582,0.07,5.05,251.5,1270.81,4.68
14,587,0.07,5.03,252.2,1268.29,4.69
15,589,0.07,5.05,249.4,1260.2,4.68
16,588,0.08,5.04,250.5,1263.75,4.7
17,589,0.08,5.02,253.9,1274.81,4.7
18,591,0.09,5,256.4,1283.25,4.7
19,597,0.09,4.98,260.9,1299.51,4.69
20,598,0.09,4.96,262.8,1304.76,4.7
21,599,0.1,4.94,267.4,1321.18,4.69
22,598,0.1,4.92,270.8,1333.64,4.7
23,594,0.1,4.9,0,0,4.69
24,591,0.09,4.92,276.5,1361.71,4.69
25,592,0.1,4.94,275.4,1360.7,4.7
26,578,0.1,4.93,291.8,1439.4,4.7
27,560,0.11,4.92,305.2,1503.05,4.71
28,575,0.1,4.89,297.7,1456.58,4.7
29,583,0.11,4.91,288.3,1415.21,4.7
30,582,0.1,4.88,289.4,1413.65,4.7
31,582,0.11,4.91,287.7,1412.26,4.7
32,589,0.1,4.88,286.8,1400.95,4.7
33,605,0.1,4.92,302.9,1491.72,4.71
34,576,0.09,4.96,331.3,1644.85,4.72
35,544,0.1,4.97,316.1,1571.92,4.72
36,570,0.09,4.94,297.6,1470.39,4.7
37,569,0.1,4.96,292.2,1448.39,4.7
38,582,0.09,4.92,280.8,1382.89,4.7
39,589,0.1,4.94,271.5,1341.43,4.69
40,596,0.09,4.92,271.4,1334.42,4.69
41,599,0.1,4.93,263.9,1301.77,4.69
42,601,0.09,4.91,263.4,1292.98,4.69
43,604,0.1,4.92,258.3,1272.08,4.68
44,605,0.09,4.9,256.3,1256.07,4.68
45,609,0.1,4.92,0,0,4.68
46,613,0.1,4.9,248.5,1217.85,4.68
47,614,0.1,4.88,246.1,1200.17,4.68
48,639,0.1,4.88,233.8,1142.06,4.66
49,703,0.11,4.87,237.5,1156.33,4.66
50,681,0.1,4.84,236.4,1145.29,4.66
51,686,0.11,4.88,231.5,1128.97,4.68
52,724,0.1,4.85,231.1,1121.47,4.68
53,747,0.11,4.87,227.8,1109.1,4.68
54,731,0.1,4.84,227.4,1101.69,4.66
55,738,0.11,4.86,224.8,1092.7,4.66
56,729,0.1,4.84,223.8,1084.25,4.66
57,726,0.11,4.86,222,1079.09,4.66
58,661,0.1,4.84,221.9,1073.27,4.66
59,658,0.11,4.86,219.4,1066.45,4.66
60,658,0.1,4.84,218.9,1058.76,4.66
61,660,0.11,4.86,0,0,4.66
62,662,0.11,4.84,217,1049.57,4.66
63,665,0.11,4.81,218.5,1051.57,4.66
64,685,0.11,4.8,217.3,1042.32,4.66
65,652,0.11,4.81,212.5,1022.7,4.65
66,642,0.12,4.79,216.8,1038.19,4.65
67,647,0.11,4.77,215.7,1029.46,4.65
68,646,0.12,4.79,212.7,1018.55,4.65
69,647,0.12,4.77,216.8,1034.71,4.65
70,649,0.12,4.75,216.8,1029.5,4.65
71,649,0.12,4.77,215.2,1027.08,4.65
72,653,0.12,4.75,215.9,1025.23,4.65
73,653,0.12,4.77,213.6,1019.44,4.65
74,656,0.12,4.75,214.3,1017.63,4.65
75,658,0.12,4.77,211.8,1010.85,4.65
76,658,0.12,4.75,211.9,1006.24,4.65
77,662,0.12,4.76,0,0,4.65
78,663,0.13,4.75,211.6,1004.81,4.65
79,665,0.12,4.72,211.3,998.31,4.65
80,667,0.13,4.75,208.6,990.57,4.65
81,673,0.12,4.72,202.9,957,4.65
82,680,0.13,4.73,198.7,940.37,4.65
83,680,0.12,4.72,199.3,940.02,4.65
84,690,0.13,4.73,195.3,924.28,4.64
85,699,0.12,4.72,195.9,923.98,4.64
86,714,0.13,4.73,191.6,906.77,4.64
87,695,0.13,4.72,194.8,918.79,4.65
88,690,0.13,4.7,195.9,920.85,4.65
89,693,0.14,4.68,197.1,921.75,4.65
90,696,0.13,4.66,196.9,917.66,4.65
91,687,0.14,4.68,195.5,914.27,4.64
92,682,0.14,4.66,197.6,920.92,4.65
93,683,0.15,4.64,198.8,921.74,4.65
94,684,0.14,4.62,198.6,917.63,4.65
95,684,0.15,4.64,197.8,917.11,4.65
96,688,0.14,4.61,0,0,4.65
97,688,0.14,4.64,196.2,909.69,4.65
98,694,0.14,4.65,192.8,897.01,4.64
99,699,0.14,4.63,190.5,881.73,4.65
100,698,0.14,4.65,188.9,878.87,4.64
101,702,0.14,4.63,189.7,878.03,4.64
102,705,0.13,4.65,189.7,882.59,4.64
103,712,0.14,4.67,186.9,872.55,4.64
104,710,0.13,4.64,187.3,869.92,4.64
105,712,0.14,4.67,185.1,864.15,4.64
106,716,0.14,4.65,186.3,866.77,4.64
107,715,0.15,4.63,190.7,882.66,4.64
108,714,0.15,4.61,197.4,910.51,4.65
109,716,0.15,4.6,199,914.7,4.65
110,716,0.15,4.57,199.8,913.58,4.65
111,721,0.15,4.6,198.6,912.86,4.65
112,724,0.15,4.57,0,0,4.65
113,725,0.15,4.6,197.4,907.35,4.65
114,729,0.15,4.61,196.7,907.28,4.64
115,731,0.15,4.6,196.3,902.29,4.65
116,734,0.15,4.61,194.8,898.52,4.64
117,747,0.15,4.58,185.9,851.51,4.64
118,914,0.15,4.6,172.5,792.89,4.63
119,1023,0.15,4.57,173.4,792.87,4.63
120,952,0.14,4.6,183.7,845.85,4.64
121,929,0.15,4.62,183,845.55,4.64
122,924,0.14,4.6,183.5,844.93,4.64
123,858,0.14,4.62,183.5,847.86,4.64
124,754,0.13,4.64,187.5,870.85,4.64
125,752,0.13,4.67,187,873.02,4.64
126,755,0.13,4.69,188.3,883.61,4.64
127,756,0.13,4.71,186.6,878.62,4.64
128,758,0.13,4.69,0,0,4.64
129,761,0.12,4.71,186.1,876.27,4.64
130,761,0.13,4.73,184,870.8,4.64
131,764,0.12,4.71,184.4,868.27,4.64
132,766,0.13,4.72,183.4,866.49,4.64
133,768,0.13,4.71,184.5,868.74,4.64
134,769,0.13,4.68,184.5,864.3,4.64
135,771,0.13,4.71,182.4,858.85,4.64
136,775,0.13,4.68,182.4,854.47,4.64
137,775,0.13,4.7,181.4,852.69,4.63
138,777,0.13,4.68,182.8,856.34,4.64
139,779,0.13,4.67,183.1,854.81,4.64
140,781,0.13,4.68,181.5,850.25,4.64
141,783,0.14,4.66,182.7,851.48,4.64
142,784,0.14,4.64,183.4,851.81,4.64
143,785,0.14,4.62,184.2,851.1,4.64
144,788,0.14,4.64,182.6,848.09,4.64
145,789,0.14,4.62,183.4,847.4,4.64
146,792,0.14,4.64,181.4,842.52,4.63
147,793,0.14,4.62,181.8,840.01,4.64
148,796,0.14,4.64,180,836.02,4.64
149,800,0.14,4.62,178.4,824.3,4.64
150,808,0.14,4.63,170.5,789.16,4.63
151,808,0.14,4.61,169.7,782.74,4.63
152,809,0.13,4.63,170.6,789.63,4.63
153,812,0.14,4.65,169.1,786.75,4.63
154,812,0.13,4.63,168.9,781.76,4.63
155,817,0.13,4.65,168.1,782.09,4.63
156,819,0.13,4.67,166.7,778.25,4.63
157,818,0.14,4.65,171.8,799.31,4.63
158,820,0.14,4.64,174.6,809.54,4.63
159,824,0.14,4.61,174.2,803.5,4.63
160,825,0.14,4.64,173.2,803.05,4.63
161,829,0.14,4.61,172.2,794.27,4.63
162,831,0.14,4.63,169.1,782.68,4.63
163,831,0.14,4.61,0,0,4.63
164,844,0.13,4.63,168.8,781.29,4.63
165,836,0.13,4.65,171.2,796.52,4.63
166,840,0.13,4.68,170.7,798.29,4.63
167,840,0.13,4.69,169.9,797.27,4.63
168,843,0.13,4.68,170.5,797.35,4.63
169,844,0.13,4.65,171.1,796.05,4.63
170,847,0.13,4.68,169.4,792.21,4.63
171,848,0.13,4.65,169.3,787.68,4.63
172,850,0.13,4.68,168.6,788.47,4.63
173,852,0.13,4.69,167.5,786.01,4.63
174,855,0.13,4.67,168.1,784.78,4.63
175,855,0.13,4.69,166.8,782.72,4.63
176,856,0.13,4.67,167,779.65,4.63
177,859,0.13,4.69,166.1,779.44,4.63
178,876,0.13,4.67,163.4,762.84,4.63
179,923,0.13,4.68,0,0,4.62
180,865,0.13,4.67,166.6,777.78,4.63
181,865,0.14,4.65,167.2,777.91,4.63
182,867,0.13,4.63,167.4,774.81,4.63
183,868,0.14,4.65,165.7,770.93,4.63
184,870,0.13,4.63,166.5,770.65,4.63
185,874,0.14,4.65,165.6,770.46,4.63
186,875,0.14,4.63,166.5,770.65,4.63
187,875,0.14,4.6,166.9,768.49,4.62
188,876,0.14,4.63,165.4,765.56,4.62
189,876,0.14,4.6,165.9,763.89,4.63
190,879,0.14,4.63,164.5,761.39,4.62
191,879,0.14,4.6,165.3,761.12,4.63
192,881,0.13,4.63,164.6,761.85,4.63
193,880,0.14,4.64,164,761.7,4.62
194,881,0.13,4.63,164,759.08,4.63
195,884,0.14,4.64,0,0,4.63
196,884,0.14,4.63,164.6,761.85,4.63
197,885,0.14,4.6,164.1,755.6,4.62
198,884,0.13,4.63,164.1,759.54,4.62
199,886,0.14,4.64,162.8,756.13,4.63
200,887,0.14,4.63,164.4,760.93,4.63
201,887,0.14,4.6,165.1,760.2,4.63
202,888,0.13,4.63,164.5,761.39,4.63
203,888,0.13,4.64,164.3,763.1,4.62
204,888,0.13,4.67,163.5,763.31,4.63
205,886,0.12,4.68,163.2,764.52,4.63
206,888,0.13,4.71,162.2,763.73,4.63
207,887,0.13,4.69,163.7,768.18,4.62
208,886,0.13,4.67,164,765.64,4.63
209,887,0.12,4.69,164.4,771.46,4.63
210,885,0.13,4.71,163.4,769.38,4.63
211,886,0.13,4.69,164.3,770.99,4.63
212,884,0.13,4.67,166.4,776.85,4.63
213,885,0.14,4.65,167.6,779.77,4.63
214,883,0.13,4.63,168.4,779.44,4.63
215,882,0.13,4.65,167.9,781.16,4.63
216,881,0.13,4.67,167,779.65,4.63
217,880,0.14,4.65,169.6,789.07,4.63
218,879,0.14,4.63,170.5,789.16,4.63
219,878,0.15,4.61,171.1,789.2,4.63
220,876,0.15,4.59,172.6,791.97,4.63
221,875,0.15,4.57,173.7,794.24,4.63
222,873,0.16,4.55,174.9,795.52,4.63
223,871,0.16,4.53,176.4,799.52,4.63
224,868,0.16,4.51,177,797.99,4.63
225,865,0.15,4.53,177.9,806.32,4.63
226,864,0.15,4.56,178.8,814.69,4.63
227,861,0.15,4.57,179.1,818.93,4.63
228,859,0.14,4.6,178.7,821.39,4.63
229,857,0.14,4.62,178.4,824.3,4.63
230,853,0.13,4.64,178.9,829.47,4.63
231,850,0.13,4.66,178.6,832.37,4.63
232,847,0.13,4.68,179.4,838.98,4.63
233,842,0.13,4.7,178.2,837.65,4.63
234,839,0.13,4.68,181.1,848.38,4.64
235,837,0.14,4.66,182.8,851.95,4.64
236,833,0.14,4.64,184.2,855.52,4.63
237,828,0.15,4.63,186.1,861.37,4.64
238,823,0.15,4.6,188,865.65,4.64
239,819,0.15,4.58,189.4,867.54,4.64
240,814,0.16,4.56,191.9,875.92,4.64
241,810,0.16,4.55,193.3,879.21,4.64
242,806,0.16,4.52,196.4,888.6,4.64
243,799,0.17,4.51,197.7,891.31,4.64
244,795,0.17,4.48,199.4,894.19,4.64
245,788,0.18,4.47,202.3,903.95,4.64
246,783,0.18,4.44,204.2,907.53,4.64
247,776,0.18,4.43,206.2,913.12,4.64
248,771,0.19,4.4,207.8,915.21,4.64
249,764,0.19,4.39,210.6,924.17,4.64
250,758,0.2,4.37,212.7,929.98,4.64
251,750,0.2,4.35,214.5,932.7,4.64
252,744,0.2,4.33,216.5,937.93,4.64
253,737,0.21,4.31,218.8,942.64,4.64
254,730,0.21,4.29,221.2,949.43,4.65
255,723,0.22,4.27,223.8,955.22,4.65
256,716,0.22,4.25,225.9,960.56,4.65
257,709,0.22,4.23,228.7,966.97,4.65
258,702,0.23,4.21,231.1,973.42,4.65
259,695,0.23,4.19,232.8,974.99,4.65
260,689,0.24,4.17,235.5,982.52,4.65
261,682,0.24,4.16,236.9,984.57,4.65
262,678,0.24,4.13,240.6,994.17,4.65
263,671,0.25,4.11,243.1,998.66,4.65
264,666,0.25,4.09,245.6,1004.99,4.65
265,661,0.25,4.07,247.3,1006.01,4.65
266,655,0.26,4.05,250.6,1015.42,4.65
267,650,0.26,4.03,252.3,1016.25,4.65
268,646,0.27,4.01,255,1023.04,4.65
269,641,0.27,4,256.9,1026.55,4.65
270,635,0.27,3.97,260.1,1033.09,4.65
271,633,0.28,3.96,262.9,1040,4.65
272,628,0.28,3.93,265.2,1042.72,4.65
273,625,0.29,3.92,267.2,1046.31,4.65
274,621,0.29,3.89,269.4,1048.45,4.65
275,616,0.29,3.88,272.8,1057.31,4.66
276,613,0.3,3.85,274.8,1058.46,4.65
277,609,0.3,3.84,278.5,1068.26,4.66
278,604,0.31,3.81,282.1,1075.29,4.66
279,598,0.31,3.8,287.4,1090.89,4.66
280,593,0.31,3.78,292.4,1105.18,4.66
281,587,0.31,3.76,0,0,4.66
282,579,0.31,3.79,305.4,1156.76,4.66
283,537,0.3,3.83,343.5,1314.83,4.69
284,423,0.3,3.92,455.9,1785.22,4.74
285,350,0.29,3.98,528,2101.38,4.77
286,164,0.29,4.11,716.9,2945.03,4.86
287,16,0.29,4.28,973.9,4164.57,4.99
288,12,0.28,4.36,1081.8,4712.6,5.04
289,14,0.29,4.35,1021.4,4441.3,5.01
290,84,0.28,4.2,815,3426.35,4.91
291,34,0.28,4.26,867.7,3696.54,4.93
292,14,0.27,4.36,1014.4,4427.11,5.01
293,15,0.28,4.38,999.9,4379.84,5
294,21,0.27,4.31,921.2,3968.72,4.97
295,58,0.28,4.28,835,3577.29,4.92
296,182,0.27,4.18,693.1,2897.21,4.86
297,250,0.28,4.16,0,0,4.82
298,161,0.28,4.18,701,2930.24,4.86
299,90,0.29,4.2,784.9,3299.8,4.89
300,197,0.28,4.12,663.5,2730.98,4.84
301,117,0.28,4.18,739.9,3092.84,4.87
302,13,0.27,4.36,1010.2,4400.69,5
303,12,0.27,4.39,1024.4,4495.36,5.01
304,14,0.27,4.39,988.8,4339.14,4.99
305,18,0.27,4.32,920.1,3978.72,4.96
306,13,0.27,4.39,995.6,4368.98,5
307,17,0.27,4.38,935.8,4099.06,4.97
308,15,0.27,4.37,961.2,4202.63,4.98
309,11,0.28,4.41,1077.4,4753.82,5.03
310,10,0.28,4.4,1092.5,4802.95,5.03
311,13,0.28,4.32,988.7,4267.44,4.99
312,12,0.27,4.36,1020.4,4453.29,5.01
313,9,0.27,4.46,1162.2,5183.83,5.08
314,8,0.27,4.51,1195.4,5389.34,5.1
315,8,0.26,4.53,1203.8,5456.14,5.11
316,8,0.27,4.55,1192.8,5425.38,5.1
317,8,0.26,4.52,1178.2,5321.23,5.09
318,9,0.27,4.52,1138.8,5143.29,5.08
319,13,0.26,4.41,981.6,4331.12,5
320,48,0.27,4.32,797.4,3448.14,4.91
321,201,0.26,4.2,622.2,2610.81,4.83
322,354,0.27,4.12,459.2,1893.75,4.75
323,440,0.26,4.05,373.3,1512.6,4.71
324,474,0.27,4.05,338.9,1373.21,4.7
325,497,0.26,4.02,316,1270.3,4.69
326,507,0.27,4.04,305.1,1231.37,4.68
327,513,0.26,4.01,299.4,1201.17,4.68
328,521,0.27,4.03,293.7,1183,4.68
329,525,0.26,4,290.1,1161.53,4.68
330,529,0.27,4.03,285.9,1151.59,4.68
331,534,0.26,4,283,1130.84,4.66
332,538,0.27,4.02,279.7,1124.37,4.66
333,541,0.26,4,277.6,1109.26,4.66
334,544,0.27,4.02,275.9,1109.1,4.66
335,544,0.26,4,274.7,1097.67,4.66
336,548,0.27,4.01,272.2,1092.04,4.66
337,550,0.26,4,272.1,1087.29,4.66
338,552,0.27,4.01,270.2,1084.02,4.66
339,554,0.26,4,270.9,1082.49,4.66
340,557,0.26,4.01,270,1083.22,4.66
341,559,0.25,4.04,269.4,1087.28,4.66
342,560,0.25,4.06,268.8,1091.32,4.66
343,564,0.25,4.08,269.2,1097.25,4.66
344,565,0.24,4.1,268.5,1100.85,4.66
345,568,0.24,4.12,268.4,1106.89,4.66
346,570,0.24,4.14,267.5,1107.46,4.66
347,570,0.23,4.16,268,1115.97,4.66
348,573,0.23,4.19,267.5,1120.31,4.66
349,575,0.22,4.2,267.8,1125.86,4.66
350,577,0.22,4.23,268,1133.14,4.66
351,578,0.22,4.25,267.1,1135.75,4.66
352,580,0.21,4.27,267,1139.6,4.66
353,581,0.21,4.29,266.5,1143.87,4.66
354,585,0.21,4.31,261,1124.44,4.66
355,607,0.21,4.29,260.1,1116.4,4.66
356,648,0.21,4.31,254.2,1095.15,4.66
357,767,0.22,4.29,257.6,1105.67,4.68
358,1023,0.22,4.28,259.3,1108.81,4.66
359,865,0.22,4.25,258.8,1100.46,4.68
360,908,0.21,4.28,260.5,1116.03,4.68
361,749,0.21,4.31,265.4,1143.4,4.69
362,752,0.2,4.33,269.1,1165.8,4.69
363,650,0.2,4.36,273.6,1191.87,4.69
364,593,0.2,4.37,0,0,4.69
365,590,0.21,4.36,285.5,1243.71,4.69
366,596,0.2,4.34,284.5,1234.8,4.69
367,599,0.21,4.36,282.4,1230.21,4.69
368,601,0.2,4.33,283.4,1227.75,4.69
369,601,0.2,4.36,283.7,1235.87,4.69
370,602,0.2,4.38,284.1,1244.44,4.69
371,602,0.19,4.4,283.5,1248.62,4.69
372,606,0.19,4.42,284.7,1258.46,4.69
373,605,0.18,4.44,285.6,1269.3,4.7
374,605,0.18,4.47,285.6,1276.16,4.7
375,603,0.18,4.48,286.1,1282.98,4.7
376,604,0.17,4.51,287.9,1297.97,4.7
377,608,0.18,4.53,286.2,1297.18,4.7
378,617,0.17,4.51,286,1289.4,4.7
379,638,0.17,4.53,288.5,1307.6,4.7
380,631,0.16,4.56,295.9,1348.25,4.7
381,617,0.16,4.59,309,1417.84,4.71
382,584,0.16,4.62,314.8,1454.54,4.72
383,575,0.15,4.64,316.8,1468.85,4.72
384,576,0.16,4.66,312.8,1457.82,4.72
385,563,0.16,4.64,325.7,1512.73,4.72
386,526,0.16,4.64,359.9,1671.57,4.74
387,445,0.17,4.68,432.9,2024.49,4.77
388,214,0.17,4.8,652.9,3136.98,4.89
389,31,0.18,4.91,851.3,4178.86,5
390,12,0.18,4.99,1016.3,5070.19,5.08
391,11,0.18,5,1082.5,5417.79,5.11
392,10,0.19,4.98,1092.1,5439.6,5.11
393,10,0.18,4.96,1096.8,5436.66,5.11
394,11,0.19,4.97,1091.2,5426.38,5.11
395,10,0.19,4.96,1097.2,5438.65,5.11
396,10,0.19,4.93,1101.3,5432.51,5.1
397,10,0.19,4.95,1096.5,5426.4,5.1
398,10,0.2,4.93,1101.4,5433.01,5.1
399,10,0.19,4.91,1106,5429.13,5.1
400,10,0.19,4.93,1101.3,5432.51,5.1
401,10,0.19,4.95,1096.8,5427.88,5.1
402,10,0.19,4.92,1100.5,5419.75,5.1
403,10,0.19,4.94,1096.3,5416.63,5.1
404,10,0.19,4.92,1099.3,5413.84,5.1
405,10,0.19,4.94,1094.7,5408.72,5.1
406,10,0.19,4.92,1099.1,5404.06,5.09
407,10,0.18,4.94,1093.9,5404.77,5.09
408,10,0.19,4.96,1088,5393.04,5.09
409,10,0.19,4.93,1093.7,5395.02,5.09
410,10,0.2,4.92,1098.1,5399.14,5.09
411,10,0.19,4.89,1101.6,5389.88,5.09
412,10,0.2,4.91,1093.6,5368.26,5.09
413,10,0.2,4.89,1101,5386.95,5.09
414,10,0.2,4.87,1104.4,5377.05,5.09
415,10,0.19,4.89,1101.9,5391.35,5.09
416,10,0.19,4.92,1098.1,5399.14,5.09
417,10,0.19,4.93,1094.2,5397.49,5.09
418,10,0.2,4.92,1103.9,5427.66,5.09
419,10,0.2,4.89,1111.9,5440.28,5.1
420,14,0.2,4.77,952.8,4547.39,5.01
421,194,0.2,4.6,632,2904.98,4.85
422,353,0.2,4.48,470.8,2107.48,4.77
423,470,0.2,4.42,349.9,1546.67,4.71
424,469,0.2,4.4,346.7,1524.2,4.71
425,393,0.19,4.47,414.5,1852.14,4.74
426,178,0.19,4.62,628.2,2902.61,4.85
427,14,0.18,4.82,907.5,4374.79,4.99
428,10,0.18,4.92,1050.6,5174,5.05
429,11,0.18,4.92,996.8,4901.07,5.03
430,124,0.18,4.69,673.3,3159.52,4.87
431,399,0.18,4.53,382.7,1734.56,4.73
432,348,0.19,4.53,423.2,1918.12,4.75
433,267,0.19,4.57,513.3,2347.05,4.78
434,447,0.19,4.44,335.1,1486.62,4.7
435,491,0.19,4.42,286.6,1266.86,4.68
436,496,0.19,4.4,280.1,1231.4,4.68
437,525,0.19,4.41,268,1182.5,4.66
438,547,0.19,4.39,261.8,1148.85,4.66
439,521,0.19,4.4,258.8,1139.83,4.66
440,544,0.19,4.38,258.3,1131.43,4.66
441,575,0.19,4.4,255.8,1126.62,4.66
442,525,0.2,4.38,257.6,1128.36,4.66
443,616,0.19,4.36,252.6,1100.39,4.65
444,602,0.19,4.38,252.5,1106.02,4.66
445,613,0.19,4.4,249.8,1100.19,4.66
446,619,0.19,4.38,247.5,1084.12,4.66
447,627,0.18,4.4,246.7,1086.54,4.66
448,634,0.18,4.42,246,1087.4,4.66
449,639,0.18,4.44,244.5,1086.64,4.66
450,645,0.18,4.42,244.2,1079.44,4.66
451,587,0.18,4.44,246.7,1096.42,4.66
452,536,0.17,4.47,248.8,1111.73,4.66
453,536,0.17,4.49,249,1118.6,4.66
454,537,0.16,4.51,249,1122.59,4.66
455,538,0.17,4.53,247.3,1120.87,4.66
456,541,0.16,4.51,248.6,1120.79,4.66
457,541,0.16,4.53,249.4,1130.39,4.66
458,539,0.16,4.56,250.8,1142.76,4.66
459,541,0.15,4.58,251.3,1151.07,4.66
460,540,0.15,4.6,251.5,1156.02,4.66
461,537,0.15,4.62,255.7,1181.47,4.66
462,535,0.14,4.64,258.1,1198.75,4.68
463,531,0.14,4.67,262.5,1225.5,4.68
464,528,0.13,4.69,266,1248.23,4.68
465,523,0.13,4.72,270.1,1273.96,4.68
466,497,0.13,4.76,290.9,1383.71,4.69
467,631,0.12,4.8,331.9,1594.68,4.72
468,409,0.12,4.85,367.3,1782.41,4.73
469,138,0.11,5.05,620.7,3136.36,4.87
470,19,0.11,5.18,778.7,4034.49,4.96
471,22,0.11,5.19,762.3,3955.63,4.95
472,539,0.11,4.9,374,1832.89,4.74
473,514,0.11,4.84,275.6,1335.21,4.69
474,532,0.11,4.81,262.3,1262.37,4.68
475,539,0.11,4.83,255.2,1232.29,4.68
476,551,0.11,4.8,251.6,1208.86,4.68
477,680,0.11,4.8,214.3,1029.65,4.65
478,665,0.12,4.8,232.3,1114.27,4.66
479,568,0.12,4.78,243.6,1164.57,4.66
480,576,0.12,4.76,243.3,1157.29,4.66
481,576,0.12,4.78,240.3,1148.79,4.66
482,578,0.12,4.76,240.1,1142.07,4.66
483,584,0.12,4.77,237.6,1133.98,4.66
484,587,0.12,4.76,237,1127.33,4.66
485,590,0.12,4.77,234.1,1117.28,4.66
486,595,0.12,4.76,233.6,1111.15,4.66
487,598,0.12,4.77,231.2,1103.44,4.66
488,601,0.12,4.75,231.2,1097.89,4.66
489,606,0.12,4.77,229.1,1093.42,4.66
490,611,0.12,4.75,229.2,1088.39,4.65
491,616,0.12,4.76,226.6,1079.67,4.65
492,623,0.13,4.75,227.9,1082.21,4.65
493,627,0.12,4.72,227.9,1076.74,4.65
494,632,0.13,4.75,225.7,1071.77,4.65
495,637,0.12,4.72,225.7,1066.35,4.65
496,638,0.13,4.75,224,1063.69,4.65
497,639,0.12,4.72,224.8,1062.09,4.65
498,643,0.13,4.75,0,0,4.65
499,644,0.13,4.72,223.2,1054.53,4.65
500,646,0.13,4.7,223.9,1052.46,4.65
501,649,0.13,4.72,221.9,1048.39,4.65
502,651,0.13,4.7,222.5,1045.88,4.65
503,653,0.13,4.72,219.9,1038.94,4.65
504,659,0.13,4.7,221.1,1039.3,4.65
505,661,0.13,4.68,220.8,1034.35,4.65
506,666,0.13,4.7,219.6,1032.25,4.65
507,672,0.13,4.68,219.6,1026.97,4.65
508,679,0.13,4.7,219.1,1029.9,4.65
509,678,0.13,4.72,216.3,1020.2,4.65
510,681,0.13,4.7,216.8,1019.09,4.65
511,683,0.13,4.72,215.1,1014.54,4.65
512,686,0.13,4.7,216.1,1015.8,4.65
513,690,0.13,4.68,216.3,1011.54,4.65
514,693,0.13,4.7,0,0,4.64
515,693,0.14,4.68,216,1010.14,4.65
516,698,0.13,4.66,216.1,1007.15,4.64
517,700,0.14,4.68,214.1,1001.25,4.64
518,701,0.14,4.65,215.3,1001.69,4.64
519,706,0.14,4.64,215.2,997.78,4.64
520,707,0.14,4.65,214,995.64,4.64
521,711,0.14,4.64,214.1,992.68,4.64
522,715,0.14,4.65,212.4,988.2,4.64
523,717,0.14,4.64,212.1,983.41,4.64
524,721,0.14,4.65,211,981.69,4.64
525,722,0.14,4.63,211.6,979.39,4.64
526,725,0.14,4.65,209.3,973.78,4.64
527,725,0.15,4.63,210.4,973.84,4.64
528,728,0.14,4.61,210.3,970.01,4.64
529,732,0.15,4.63,208.3,964.12,4.64
530,729,0.14,4.6,207.4,954.97,4.64
531,732,0.14,4.63,206.5,955.79,4.64
532,735,0.14,4.65,205.2,954.7,4.64
533,738,0.14,4.63,0,0,4.64
534,742,0.13,4.64,203.8,946.56,4.64
535,752,0.14,4.67,200.6,936.51,4.64
536,755,0.14,4.64,201.8,937.27,4.64
537,758,0.14,4.63,202,934.96,4.64
538,762,0.14,4.64,200.9,933.09,4.64
539,764,0.14,4.63,200.6,928.48,4.64
540,768,0.13,4.64,200,928.91,4.64
541,773,0.14,4.67,197.5,922.04,4.64
542,776,0.13,4.65,198,921.2,4.64
543,779,0.14,4.67,196.4,916.9,4.64
544,783,0.13,4.64,196.9,914.51,4.64
545,785,0.14,4.67,194.5,908.03,4.64
546,789,0.13,4.64,194.8,904.76,4.64
547,790,0.14,4.67,193.1,901.5,4.64
548,794,0.13,4.64,194,901.04,4.64
549,797,0.14,4.67,0,0,4.64
550,798,0.14,4.64,192.9,895.93,4.63
551,802,0.14,4.62,191.9,886.68,4.64
552,805,0.13,4.64,191.7,890.36,4.64
553,809,0.14,4.67,190.5,889.36,4.64
554,812,0.13,4.64,191.4,888.96,4.64
555,814,0.14,4.66,189.6,883.64,4.64
556,818,0.14,4.64,190.4,884.32,4.64
557,820,0.14,4.62,190.5,880.21,4.64
558,823,0.14,4.64,188.9,877.35,4.64
559,825,0.14,4.62,189.8,876.97,4.64
560,827,0.14,4.64,188.1,873.64,4.64
561,831,0.14,4.62,188.7,871.89,4.64
562,833,0.13,4.64,188.1,873.64,4.64
563,834,0.14,4.66,186.4,868.73,4.64
564,836,0.13,4.64,186.7,867.13,4.64
565,837,0.14,4.66,0,0,4.64
566,840,0.14,4.64,185.3,859.15,4.63
567,843,0.15,4.62,186.4,861.26,4.63
568,844,0.14,4.6,187.3,860.92,4.63
569,845,0.15,4.62,186.1,859.88,4.63
570,843,0.15,4.6,188.2,865.06,4.63
571,845,0.15,4.58,188.3,862.5,4.63
572,846,0.15,4.6,187.2,860.46,4.63
573,847,0.15,4.58,187.3,857.92,4.63
574,850,0.14,4.6,186.6,859.2,4.64
575,853,0.15,4.62,184.5,852.48,4.64
576,856,0.14,4.6,184.9,849.89,4.63
577,854,0.14,4.62,184.5,852.48,4.63
578,857,0.14,4.64,182.8,847.56,4.63
579,858,0.15,4.62,183.8,849.25,4.63
580,858,0.14,4.6,184.2,846.67,4.63
581,857,0.15,4.61,183.1,844.55,4.63
582,858,0.14,4.6,183.5,843.46,4.63
583,859,0.15,4.61,182.4,841.32,4.63
584,859,0.14,4.6,0,0,4.63
585,860,0.14,4.61,182,839.48,4.63
586,859,0.13,4.64,181.9,843.38,4.63
587,861,0.14,4.65,180,837.46,4.63
588,863,0.14,4.64,181.1,839.68,4.63
589,863,0.14,4.61,181.1,835.32,4.63
590,864,0.13,4.64,180.8,838.28,4.63
591,864,0.14,4.65,179,832.81,4.63
592,862,0.14,4.64,179.9,834.11,4.63
593,865,0.14,4.61,180.1,830.71,4.63
594,864,0.13,4.64,179.6,832.72,4.63
595,866,0.14,4.65,178.2,829.08,4.63
596,867,0.13,4.64,178.7,828.55,4.64
597,869,0.13,4.66,178.2,830.51,4.63
598,868,0.13,4.68,175.8,822.14,4.63
599,867,0.13,4.65,176.7,822.1,4.63
600,867,0.13,4.68,0,0,4.63
601,869,0.14,4.65,176.3,820.24,4.63
602,872,0.14,4.63,177.9,823.41,4.63
603,871,0.14,4.61,178.1,821.49,4.63
604,868,0.14,4.63,177.3,820.64,4.63
605,869,0.15,4.61,178.3,822.41,4.63
606,871,0.14,4.59,177.8,815.83,4.63
607,869,0.14,4.61,176.9,815.95,4.63
608,869,0.13,4.63,176.3,816.01,4.63
609,869,0.13,4.65,175.4,816.06,4.63
610,870,0.13,4.67,173.6,810.46,4.63
611,870,0.14,4.65,175.1,814.66,4.63
612,869,0.13,4.63,175.2,810.92,4.63
613,870,0.13,4.65,174.8,813.26,4.63
614,870,0.13,4.67,173.7,810.93,4.63
615,870,0.14,4.65,174.5,811.87,4.63
616,869,0.13,4.63,0,0,4.63
617,870,0.13,4.65,173.6,807.68,4.63
618,868,0.13,4.67,173.2,808.59,4.62
619,867,0.13,4.69,171.5,804.78,4.62
620,869,0.13,4.67,172.4,804.86,4.63
621,867,0.14,4.64,173.4,805.36,4.62
622,869,0.14,4.63,174.3,806.75,4.62
623,868,0.15,4.6,175.4,807.63,4.63
624,868,0.14,4.59,175.2,803.9,4.63
625,868,0.15,4.6,174.3,802.56,4.62
626,866,0.14,4.59,174.5,800.69,4.62
627,868,0.14,4.61,173.6,800.73,4.62
628,867,0.13,4.63,173.2,801.66,4.63
629,866,0.14,4.65,172,800.24,4.63
630,868,0.13,4.63,172.2,797.03,4.62
631,868,0.13,4.65,171.4,797.45,4.63
632,867,0.13,4.67,0,0,4.63
633,868,0.14,4.65,171.6,798.38,4.63
634,866,0.13,4.63,172.4,797.96,4.62
635,867,0.14,4.64,171.3,795.61,4.62
636,866,0.14,4.63,172,796.11,4.62
637,865,0.14,4.6,172.7,795.2,4.62
638,865,0.14,4.63,171.8,795.18,4.63
639,863,0.15,4.6,173,796.58,4.62
640,863,0.14,4.59,173.2,794.72,4.62
641,863,0.15,4.6,171.7,790.59,4.62
642,863,0.15,4.59,172.8,792.89,4.62
643,861,0.15,4.56,173.8,793.3,4.62
644,861,0.15,4.55,173.7,790.06,4.62
645,860,0.15,4.56,174.5,796.5,4.62
646,859,0.15,4.59,173.3,795.18,4.62
647,859,0.15,4.56,174.1,794.67,4.62
648,857,0.14,4.59,173.5,796.1,4.62
649,857,0.15,4.6,172.3,793.35,4.63
650,857,0.15,4.59,173.3,795.18,4.63
651,858,0.15,4.56,0,0,4.62
652,858,0.14,4.59,174.3,799.77,4.62
653,856,0.14,4.6,174,801.18,4.62
654,855,0.14,4.63,172.5,798.42,4.62
655,854,0.15,4.6,174.1,801.64,4.62
656,854,0.15,4.59,175,802.98,4.62
657,854,0.15,4.57,175.7,803.38,4.62
658,852,0.16,4.55,176.7,803.71,4.62
659,851,0.15,4.52,177.5,803.08,4.62
660,850,0.15,4.55,176.9,804.62,4.62
661,850,0.15,4.56,176.8,807,4.63
662,849,0.14,4.59,176.1,808.03,4.62
663,848,0.14,4.61,175.5,809.49,4.63
664,847,0.13,4.63,175.2,810.92,4.62
665,845,0.13,4.65,174.7,812.8,4.63
666,844,0.13,4.67,173.6,810.46,4.63
667,844,0.14,4.65,175.1,814.66,4.63
668,843,0.14,4.63,176.7,817.86,4.63
669,842,0.14,4.61,176.6,814.57,4.62
670,838,0.13,4.63,176.9,818.79,4.63
671,839,0.14,4.65,175.9,818.38,4.63
672,838,0.14,4.63,177.3,820.64,4.63
673,835,0.15,4.61,178.9,825.18,4.63
674,834,0.14,4.59,179.8,825.01,4.63
675,833,0.14,4.61,179.2,826.56,4.63
676,832,0.13,4.63,178.8,827.58,4.63
677,829,0.13,4.65,178.2,829.08,4.63
678,829,0.13,4.68,178.5,834.77,4.63
679,827,0.12,4.69,178.3,836.69,4.63
680,826,0.12,4.72,178.3,840.97,4.63
681,823,0.12,4.73,177.1,838.15,4.63
682,821,0.13,4.72,178.9,843.8,4.63
683,819,0.13,4.7,181.7,854.1,4.63
684,815,0.13,4.68,183,855.81,4.63
685,815,0.14,4.66,185.1,862.67,4.63
686,810,0.14,4.64,187.9,871.2,4.63
687,809,0.15,4.62,189,873.28,4.63
688,817,0.15,4.6,190,873.33,4.63
689,808,0.15,4.57,189.7,867.4,4.63
690,808,0.15,4.6,188,864.14,4.63
691,807,0.15,4.57,188.3,861,4.63
692,806,0.14,4.6,187.9,863.68,4.63
693,806,0.15,4.61,187.1,863,4.63
694,804,0.15,4.6,188,864.14,4.63
695,804,0.15,4.57,188.1,860.08,4.63
696,804,0.14,4.6,188.3,865.52,4.63
697,802,0.14,4.61,187.8,866.23,4.63
698,800,0.13,4.64,187.3,868.42,4.63
699,792,0.14,4.66,0,0,4.63
700,801,0.14,4.64,187.3,868.42,4.63
701,809,0.14,4.61,179.4,827.48,4.63
702,802,0.14,4.63,0,0,4.63
703,802,0.15,4.62,188.7,871.89,4.63
704,801,0.15,4.6,191.3,879.31,4.63
705,800,0.15,4.58,191.4,876.7,4.63
706,799,0.14,4.6,191.3,879.31,4.63
707,800,0.14,4.62,191,882.52,4.63
708,800,0.14,4.64,190,880.94,4.63
709,801,0.15,4.62,191.6,885.29,4.63
710,793,0.15,4.6,194.9,895.86,4.63
711,794,0.15,4.58,195.8,896.86,4.63
712,791,0.16,4.56,197.2,898.53,4.63
713,797,0.15,4.54,197.4,896.28,4.63
714,797,0.15,4.56,196.7,897.83,4.63
715,798,0.15,4.58,196.9,901.9,4.63
716,797,0.14,4.6,197.2,908.01,4.63
717,793,0.14,4.62,198.2,915.79,4.64
718,789,0.13,4.64,198.2,920.55,4.63
719,789,0.13,4.67,198.3,925.78,4.64
720,788,0.13,4.68,198.4,929.42,4.64
721,789,0.12,4.71,198.5,934.66,4.64
722,787,0.12,4.73,198.4,938.95,4.64
723,787,0.11,4.75,199,944.98,4.64
724,786,0.11,4.77,199.1,950.24,4.64
725,784,0.11,4.8,199.1,955.02,4.64
726,782,0.1,4.81,199,957.73,4.64
727,781,0.11,4.84,197.7,956.22,4.64
728,779,0.11,4.82,200.9,968.48,4.64
729,776,0.11,4.8,203.2,974.69,4.64
730,773,0.12,4.78,205.8,983.86,4.64
731,770,0.12,4.76,209.2,995.09,4.64
732,766,0.13,4.74,211.5,1002.64,4.64
733,765,0.13,4.72,213.1,1006.82,4.65
734,763,0.13,4.7,0,0,4.65
735,762,0.12,4.72,217.1,1025.71,4.65
736,758,0.12,4.75,218.7,1038.53,4.65
737,755,0.11,4.76,219.5,1045.84,4.65
738,751,0.11,4.79,219.9,1053.03,4.65
739,748,0.11,4.81,220.7,1062.16,4.65
740,747,0.1,4.83,220.7,1065.7,4.65
741,744,0.1,4.85,221.9,1076.82,4.65
742,737,0.09,4.88,223,1087.52,4.65
743,729,0.09,4.9,225.7,1106.11,4.65
744,726,0.09,4.92,225.8,1112.02,4.66
745,724,0.08,4.94,226.9,1121.07,4.66
746,716,0.08,4.96,228.7,1135.46,4.66
747,708,0.07,4.99,230.2,1148.44,4.66
748,703,0.07,5.01,232.5,1165.5,4.66
749,696,0.07,5.04,233.5,1176.12,4.66
750,689,0.06,5.06,236,1194.38,4.66
751,680,0.06,5.08,238.3,1209.84,4.66
752,674,0.05,5.1,240.7,1227.81,4.68
753,665,0.05,5.13,244.1,1251.01,4.68
754,654,0.05,5.15,246.8,1270.78,4.68
755,644,0.04,5.17,250.3,1294.81,4.68
756,631,0.04,5.2,254.7,1323.7,4.69
757,617,0.04,5.23,262.2,1371.07,4.69
758,585,0.03,5.27,282,1485.9,4.71
759,476,0.03,5.35,347.7,1859.93,4.75
760,317,0.02,5.47,461.1,2521.91,4.82
761,188,0.02,5.55,541.2,3003.35,4.87
762,75,0.02,5.61,606.6,3405.14,4.9
763,75,0.02,5.62,587.4,3302.06,4.9
764,56,0.02,5.61,602.1,3379.88,4.9
765,21,0.03,5.63,651.2,3665.93,4.93
766,52,0.02,5.58,621.3,3467.76,4.91
767,32,0.02,5.61,624.2,3498.94,4.91
768,183,0.02,5.53,511.4,2829.78,4.84
769,192,0.02,5.51,506.7,2791.6,4.84
770,63,0.02,5.59,579.2,3237.41,4.89
771,70,0.02,5.6,570.4,3192.8,4.87
772,99,0.02,5.57,562.5,3130.56,4.87
773,107,0.02,5.57,542.4,3018.69,4.86
774,84,0.02,5.57,571.9,3187.45,4.87
775,143,0.02,5.53,555.1,3071.59,4.86
776,220,0.02,5.49,452.3,2484.65,4.82
777,227,0.03,5.48,472,2585.31,4.82
778,108,0.03,5.53,564,3116.32,4.87
779,25,0.04,5.57,641.8,3571.9,4.91
780,15,0.04,5.59,702.9,3928.83,4.95
781,13,0.04,5.61,762.3,4279.16,4.98
782,11,0.05,5.6,782.2,4378.34,4.99
783,13,0.04,5.56,753,4184.74,4.98
784,20,0.05,5.52,674,3718.72,4.92
785,64,0.04,5.46,0,0,4.9
786,67,0.04,5.47,611.4,3343.96,4.89
787,139,0.04,5.45,546.5,2975.87,4.86
788,207,0.04,5.38,496.1,2669.64,4.83
789,164,0.04,5.41,511.5,2768.9,4.84
790,218,0.04,5.4,458.8,2476.27,4.81
791,293,0.04,5.33,400,2130.08,4.77
792,282,0.03,5.37,408.9,2193.85,4.78
793,219,0.03,5.4,433.3,2338.64,4.79
794,181,0.02,5.44,453.3,2464.73,4.81
795,212,0.03,5.43,421.5,2288.45,4.78
796,281,0.02,5.37,371.6,1996.7,4.75
797,277,0.03,5.38,365.2,1965.23,4.75
798,284,0.02,5.37,365.6,1961.53,4.75
799,332,0.03,5.35,318.3,1702.66,4.73
800,375,0.02,5.31,293.1,1556.12,4.71
801,390,0.03,5.32,0,0,4.7
802,398,0.03,5.29,274.1,1450.86,4.7
803,408,0.03,5.27,270.3,1424.25,4.7
804,414,0.03,5.28,259.6,1369.95,4.69
805,418,0.03,5.26,259.9,1367.37,4.69
806,422,0.03,5.27,249.9,1316.76,4.68
807,428,0.04,5.25,250.7,1316.96,4.69
808,429,0.04,5.24,252.9,1324.47,4.68
809,433,0.04,5.21,253.7,1322.56,4.69
810,436,0.04,5.23,246.2,1287.41,4.68
811,437,0.04,5.21,247.8,1289.82,4.68
812,439,0.05,5.19,249.9,1296.75,4.68
813,441,0.05,5.17,251.1,1298.95,4.68
814,441,0.05,5.15,253.2,1303.73,4.68
815,443,0.06,5.13,254.8,1307.89,4.68
816,443,0.06,5.11,257.6,1316.08,4.68
817,444,0.06,5.09,0,0,4.69
818,445,0.05,5.11,255.4,1304.84,4.68
819,446,0.06,5.13,250.5,1283.81,4.68
820,446,0.06,5.11,253.1,1293.09,4.68
821,447,0.07,5.08,256,1301.75,4.68
822,447,0.07,5.07,258.6,1310.83,4.68
823,449,0.07,5.04,260.5,1314.2,4.68
824,450,0.07,5.03,261.2,1313.55,4.68
825,451,0.07,5.04,256.3,1293.01,4.68
826,453,0.08,5.03,258.7,1300.98,4.68
827,454,0.08,5,261,1306.28,4.68
828,456,0.09,4.99,262.5,1309.58,4.68
829,457,0.09,4.96,264.5,1313.2,4.68
830,457,0.09,4.95,266,1316.39,4.68
831,461,0.1,4.92,267.4,1316.89,4.68
832,461,0.1,4.91,269.1,1320.96,4.68
833,462,0.11,4.88,270.5,1321.33,4.68
834,462,0.11,4.87,271.6,1322.35,4.68
835,466,0.11,4.84,272.5,1320.19,4.68
836,468,0.11,4.86,0,0,4.68
837,471,0.11,4.84,271.4,1314.86,4.68
838,472,0.12,4.82,272.8,1315.09,4.68
839,476,0.12,4.8,274.2,1317.45,4.68
840,485,0.12,4.78,274.7,1313.25,4.68
841,484,0.12,4.8,272.5,1309.28,4.68
842,486,0.12,4.78,273.2,1306.08,4.68
843,492,0.12,4.8,270.3,1296.54,4.68
844,495,0.12,4.78,270.7,1294.13,4.68
845,498,0.12,4.8,268.5,1287.91,4.68
846,503,0.12,4.77,269.2,1284.8,4.68
847,507,0.12,4.8,267.1,1281.19,4.68
848,511,0.12,4.77,266.2,1270.48,4.68
849,515,0.12,4.8,263.8,1265.37,4.68
850,518,0.13,4.77,266,1269.53,4.68
851,548,0.12,4.74,253.1,1199.85,4.66
852,660,0.13,4.76,0,0,4.66
853,641,0.13,4.75,258.7,1228.47,4.66
854,665,0.13,4.74,259.8,1231.62,4.68
855,662,0.13,4.71,259.4,1221.41,4.66
856,544,0.13,4.74,264.2,1252.47,4.68
857,545,0.12,4.76,264.2,1258.82,4.68
858,547,0.13,4.78,262.7,1255.88,4.68
859,551,0.13,4.76,264.1,1256.23,4.68
860,553,0.13,4.74,266.1,1261.48,4.68
861,554,0.13,4.72,266.1,1255.09,4.68
862,559,0.13,4.74,264.2,1252.47,4.68
863,581,0.13,4.71,256.5,1207.76,4.66
864,581,0.13,4.73,247.7,1172.27,4.66
865,567,0.14,4.72,261.2,1231.98,4.68
866,560,0.14,4.7,267.4,1256.94,4.68
867,563,0.14,4.68,267.8,1254.53,4.68
868,568,0.14,4.7,0,0,4.68
869,570,0.15,4.68,265.7,1242.56,4.68
870,571,0.14,4.66,266.2,1240.64,4.68
871,572,0.15,4.68,264.7,1237.89,4.68
872,573,0.14,4.66,265.5,1237.38,4.68
873,575,0.15,4.68,263.7,1233.21,4.68
874,578,0.14,4.66,263.8,1229.45,4.68
875,578,0.15,4.68,262,1225.26,4.68
876,582,0.14,4.65,261.5,1216.64,4.68
877,582,0.14,4.68,260.6,1218.71,4.66
878,585,0.14,4.69,259,1215.38,4.66
879,584,0.14,4.68,259.4,1213.1,4.66
880,585,0.13,4.69,258.6,1213.5,4.66
881,586,0.14,4.72,256.4,1209.34,4.68
882,587,0.14,4.69,258.8,1214.44,4.66
883,588,0.14,4.68,259.3,1212.63,4.68
884,588,0.14,4.69,257.8,1209.75,4.66
885,588,0.15,4.68,258.9,1210.76,4.66
886,587,0.14,4.65,260.2,1210.59,4.66
887,586,0.14,4.68,259.9,1215.44,4.66
888,585,0.13,4.7,259.4,1219.33,4.68
889,585,0.14,4.72,258.1,1217.36,4.68
890,585,0.13,4.7,258.7,1216.04,4.68
891,584,0.14,4.72,257.4,1214.05,4.68
892,583,0.13,4.69,258.2,1211.62,4.68
893,582,0.13,4.72,257.9,1216.41,4.68
894,582,0.13,4.74,257,1218.34,4.66
895,578,0.13,4.76,255.8,1216.75,4.68
896,577,0.13,4.74,257.7,1221.66,4.68
897,576,0.14,4.72,259.2,1222.54,4.68
898,574,0.14,4.7,261.4,1228.73,4.68
899,572,0.14,4.68,262.2,1226.2,4.68
900,570,0.13,4.7,262.2,1232.49,4.68
901,569,0.14,4.72,260.8,1230.09,4.68
902,567,0.13,4.7,261.1,1227.32,4.68
903,565,0.13,4.72,260.4,1228.2,4.68
904,563,0.13,4.74,258.7,1226.4,4.66
905,559,0.14,4.72,261.7,1234.34,4.68
906,556,0.14,4.7,262.8,1235.32,4.68
907,555,0.14,4.68,263.7,1233.21,4.68
908,553,0.13,4.7,263.5,1238.61,4.68
909,550,0.13,4.72,262.7,1241.16,4.68
910,547,0.13,4.74,263.2,1247.73,4.68
911,543,0.13,4.76,261.4,1245.48,4.68
912,541,0.13,4.74,263.6,1249.63,4.68
913,538,0.14,4.72,265.4,1253.91,4.68
914,535,0.13,4.7,266.1,1250.83,4.68
915,532,0.13,4.72,265.7,1255.33,4.68
916,529,0.13,4.74,265.2,1257.22,4.68
917,526,0.13,4.76,263.8,1256.92,4.68
918,527,0.13,4.74,0,0,4.68
919,529,0.12,4.76,261.6,1246.43,4.68
920,522,0.12,4.78,261.9,1252.06,4.68
921,518,0.11,4.8,261.8,1257.87,4.68
922,516,0.11,4.83,260.7,1258.85,4.68
923,518,0.11,4.84,258.1,1250.43,4.68
924,514,0.12,4.83,260.7,1258.85,4.68
925,511,0.12,4.8,262.3,1260.27,4.68
926,507,0.13,4.79,265.3,1270.44,4.68
927,508,0.12,4.76,266.6,1270.26,4.68
928,507,0.12,4.79,265.6,1271.87,4.68
929,508,0.12,4.8,264.1,1268.92,4.68
930,506,0.13,4.79,265.8,1272.83,4.68
931,505,0.13,4.76,268.9,1281.22,4.68
932,504,0.13,4.75,269.6,1280.23,4.68
933,503,0.12,4.76,270,1286.46,4.68
934,502,0.12,4.79,269.6,1291.03,4.68
935,501,0.11,4.81,269.5,1297.02,4.68
936,502,0.12,4.83,268.5,1296.51,4.68
937,502,0.11,4.81,0,0,4.68
938,502,0.11,4.83,270,1303.75,4.68
939,503,0.11,4.85,268.7,1303.93,4.68
940,499,0.1,4.88,269.8,1315.75,4.69
941,499,0.1,4.9,269,1318.31,4.68
942,499,0.09,4.92,268.2,1318.69,4.68
943,498,0.09,4.94,268.4,1326.12,4.69
944,498,0.09,4.96,268.2,1329.42,4.69
945,497,0.08,4.98,267.5,1332.38,4.69
946,495,0.09,5,266.2,1332.3,4.69
947,494,0.09,4.98,270.4,1346.83,4.69
948,492,0.09,4.96,275.1,1365.83,4.69
949,490,0.1,4.95,280,1385.67,4.69
950,483,0.1,4.93,287.1,1416.21,4.69
951,478,0.11,4.92,293.4,1442.59,4.7
952,477,0.11,4.9,299,1465.34,4.7
953,471,0.11,4.88,306,1494.74,4.7
954,460,0.12,4.87,320,1558,4.71
955,445,0.12,4.86,338.1,1643.42,4.72
956,429,0.13,4.85,356.9,1731.94,4.72
957,401,0.13,4.85,388.7,1886.26,4.74
958,416,0.13,4.83,377,1820.43,4.73
959,412,0.12,4.84,377.5,1828.89,4.73
960,334,0.12,4.92,461.8,2274.28,4.78
961,140,0.11,5.09,672,3422.48,4.89
962,20,0.11,5.24,857.6,4491.35,4.99
963,16,0.11,5.3,917,4861.18,5.02
964,14,0.1,5.34,939.5,5018.07,5.04
965,15,0.11,5.35,910.4,4869.93,5.02
966,14,0.11,5.34,942.2,5032.49,5.04
967,13,0.11,5.34,971.4,5188.46,5.06
968,14,0.11,5.32,972.9,5173.1,5.05
969,17,0.11,5.29,891.9,4720.98,5.02
970,29,0.11,5.21,792.8,4126.59,4.97
971,126,0.11,5.13,669,3433.99,4.89
972,224,0.11,5.04,565.4,2847.87,4.84
973,277,0.11,5.01,501.9,2515.97,4.81
974,283,0.11,4.99,496.5,2476.97,4.81
975,296,0.11,5,481.9,2408,4.79
976,347,0.11,4.94,426.8,2108.74,4.76
977,392,0.11,4.92,370.7,1825.63,4.73
978,420,0.11,4.88,338,1648.35,4.72
979,430,0.11,4.89,325.7,1593.58,4.71
980,432,0.11,4.87,323.5,1575.04,4.71
981,439,0.11,4.88,315.6,1541.63,4.71
982,444,0.11,4.86,309.8,1505.86,4.7
983,447,0.11,4.88,305.5,1489.85,4.7
984,449,0.11,4.85,0,0,4.7
985,450,0.11,4.88,300.1,1463.52,4.7
986,452,0.11,4.89,297,1453.16,4.7
987,453,0.11,4.87,0,0,4.7
988,454,0.1,4.89,294.2,1439.46,4.7
989,454,0.11,4.91,290.7,1426.99,4.69
990,452,0.1,4.88,291.2,1422.45,4.69
991,455,0.11,4.91,287.9,1413.24,4.7
992,455,0.1,4.88,288.3,1408.28,4.69
993,455,0.11,4.91,285.4,1400.97,4.69
994,455,0.1,4.88,285.8,1396.07,4.69
995,455,0.11,4.9,283.3,1388.39,4.69
996,455,0.1,4.88,283.4,1384.34,4.69
997,454,0.11,4.9,281.4,1379.08,4.69
998,455,0.11,4.88,282.8,1381.41,4.69
999,453,0.11,4.86,282.8,1374.62,4.69
1000,452,0.1,4.88,281.7,1376.04,4.69
1001,450,0.11,4.9,279,1367.32,4.69
1002,448,0.1,4.88,279.9,1365.01,4.69
1003,449,0.11,4.9,277.9,1361.93,4.69
1004,448,0.1,4.88,278.9,1360.13,4.69
1005,445,0.11,4.9,276.5,1355.07,4.69
1006,446,0.1,4.88,0,0,4.69
1007,445,0.1,4.9,275.8,1351.64,4.69
1008,445,0.1,4.92,273.2,1343.27,4.69
1009,444,0.11,4.9,276.7,1356.05,4.69
1010,444,0.1,4.88,277.8,1354.76,4.69
1011,443,0.11,4.9,274.3,1344.29,4.69
1012,445,0.1,4.88,0,0,4.69
1013,443,0.1,4.9,274.6,1345.76,4.69
1014,442,0.09,4.92,274.2,1350.38,4.69
1015,440,0.09,4.94,275.1,1359.22,4.69
1016,439,0.09,4.96,273.1,1355.9,4.69
1017,441,0.09,4.94,271.9,1343.41,4.69
1018,441,0.09,4.96,269.9,1337.85,4.69
1019,440,0.1,4.94,271.9,1343.41,4.69
1020,440,0.1,4.92,274.5,1349.66,4.69
1021,441,0.11,4.9,277,1357.52,4.69
1022,441,0.11,4.88,279,1360.62,4.69
1023,439,0.11,4.86,279.6,1359.06,4.69
1024,441,0.11,4.88,278.5,1358.18,4.69
1025,442,0.11,4.86,279.7,1359.55,4.69
1026,441,0.12,4.84,282.6,1366.86,4.69
1027,442,0.12,4.82,284.9,1373.42,4.69
1028,440,0.12,4.8,286.3,1373.29,4.69
1029,439,0.11,4.82,286.1,1379.2,4.69
1030,436,0.12,4.84,283.7,1374.45,4.69
1031,435,0.12,4.82,287.9,1387.88,4.69
1032,435,0.13,4.8,289.6,1391.44,4.69
1033,432,0.13,4.78,292.1,1396.43,4.69
1034,432,0.13,4.76,295.1,1403.69,4.69
1035,429,0.14,4.74,297.9,1412.23,4.69
1036,425,0.14,4.72,301.1,1422.58,4.69
1037,423,0.15,4.7,304.4,1430.86,4.7
1038,418,0.15,4.68,308.5,1445.19,4.7
1039,415,0.15,4.67,312.8,1460.33,4.7
1040,412,0.15,4.64,314.3,1459.78,4.7
1041,409,0.15,4.67,314,1465.93,4.7
1042,407,0.14,4.69,314.2,1474.41,4.7
1043,404,0.14,4.71,313.3,1475.2,4.7
1044,402,0.13,4.73,313,1481.31,4.7
1045,400,0.13,4.75,312,1481.57,4.7
1046,400,0.13,4.77,310.7,1482.87,4.7
1047,396,0.13,4.8,308.8,1481.22,4.7
1048,395,0.13,4.77,310.9,1483.82,4.7
1049,392,0.14,4.76,312.6,1486.93,4.7
1050,387,0.14,4.73,315,1490.78,4.7
1051,386,0.15,4.72,317,1495.16,4.7
1052,383,0.15,4.69,319.5,1499.28,4.7
1053,380,0.15,4.68,323.1,1511,4.7
1054,375,0.16,4.66,328.2,1529.59,4.71
1055,374,0.16,4.64,331,1534.69,4.71
1056,370,0.16,4.62,334.7,1546.49,4.71
1057,367,0.17,4.6,337.4,1550.86,4.71
1058,363,0.17,4.58,340.6,1560.11,4.71
1059,361,0.18,4.56,343.9,1566.96,4.71
1060,358,0.18,4.54,347.3,1576.89,4.71
1061,354,0.18,4.52,350.7,1586.71,4.72
1062,352,0.19,4.51,354.1,1596.43,4.71
1063,349,0.19,4.48,358.7,1608.55,4.71
1064,344,0.2,4.47,365.3,1632.29,4.72
1065,317,0.2,4.47,399.4,1784.66,4.73
1066,242,0.2,4.5,492,2214.19,4.77
1067,33,0.21,4.65,774.3,3602.46,4.9
1068,14,0.21,4.77,1006.3,4802.73,5.02
1069,12,0.22,4.79,1084.6,5193.8,5.05
1070,11,0.22,4.79,1143,5473.46,5.06
1071,10,0.22,4.78,1170.3,5594.82,5.06
1072,10,0.23,4.76,1184.1,5632.34,5.08
1073,12,0.22,4.68,1098,5143.66,5.03
1074,15,0.23,4.63,963.8,4460.97,4.98
1075,13,0.23,4.65,1041.4,4845.16,5.01
1076,13,0.23,4.62,1029,4754.51,5
1077,13,0.22,4.65,1047.7,4874.47,5.01
1078,12,0.22,4.7,1083.3,5092.15,5.02
1079,13,0.22,4.69,1034.3,4853.54,5.01
1080,14,0.22,4.65,1002.5,4664.17,4.99
1081,15,0.22,4.67,985.5,4600.86,4.99
1082,30,0.22,4.54,811.1,3682.75,4.9
1083,133,0.22,4.47,647.8,2894.61,4.83
1084,24,0.23,4.56,836.1,3809.65,4.91
1085,15,0.23,4.62,986.1,4556.29,4.98
1086,16,0.23,4.59,978.6,4490.29,4.98
1087,20,0.23,4.56,891.8,4070.58,4.93
1088,57,0.23,4.47,761.4,3402.21,4.88
1089,55,0.22,4.49,767.4,3447.46,4.88
1090,105,0.23,4.48,702,3148.03,4.86
1091,76,0.23,4.48,742.7,3330.55,4.87
1092,39,0.24,4.49,800.7,3597.05,4.89
1093,25,0.24,4.49,849.7,3817.18,4.91
1094,85,0.24,4.41,745.7,3290.26,4.86
1095,288,0.24,4.28,480.2,2057.27,4.75
1096,333,0.24,4.23,424.4,1794.42,4.73
1097,320,0.23,4.26,442.1,1883.42,4.73
1098,337,0.24,4.27,423.3,1806.72,4.73
1099,333,0.24,4.25,430.6,1830.98,4.73
1100,270,0.24,4.28,513.3,2199.07,4.76
1101,210,0.25,4.31,593.2,2555.63,4.79
1102,200,0.25,4.29,612.5,2628.97,4.81
1103,240,0.25,4.24,568.5,2412.8,4.78
1104,303,0.25,4.22,489.4,2065.33,4.75
1105,302,0.25,4.2,487.9,2051.18,4.75
1106,181,0.24,4.31,640.2,2758.11,4.82
1107,43,0.24,4.44,835,3711.02,4.9
1108,48,0.24,4.46,829.6,3700.31,4.9
1109,114,0.24,4.39,739.4,3244.7,4.86
1110,116,0.24,4.41,737.7,3254.96,4.86
1111,136,0.24,4.42,711.1,3143.29,4.85
1112,126,0.24,4.4,727.4,3203.69,4.86
1113,79,0.25,4.41,793.3,3500.28,4.88
1114,22,0.25,4.47,930.8,4159.15,4.93
1115,15,0.25,4.51,1057.4,4767.19,4.99
1116,13,0.26,4.52,1126,5094.5,5.02
1117,12,0.26,4.52,1156.4,5222.78,5.03
1118,13,0.26,4.48,1132.2,5077.21,5.02
1119,16,0.26,4.45,1026.1,4568.55,4.98
1120,21,0.26,4.39,956.4,4196.96,4.93
1121,71,0.26,4.34,831.4,3608.47,4.89
1122,149,0.26,4.26,721.1,3072,4.85
1123,99,0.25,4.32,785.3,3389.52,4.87
1124,19,0.25,4.45,986.3,4391.35,4.96
1125,15,0.25,4.51,1055.9,4760.42,4.99
1126,14,0.24,4.55,1086.8,4943.25,5.01
1127,13,0.24,4.6,1134.1,5212.88,5.03
1128,13,0.24,4.63,1147.3,5310.3,5.03
1129,13,0.23,4.65,1146.6,5334.61,5.04
1130,13,0.23,4.68,1140.8,5335.03,5.04
1131,13,0.23,4.69,1135.1,5326.55,5.04
1132,13,0.23,4.67,1136.6,5306.28,5.03
1133,13,0.22,4.69,1134.5,5323.73,5.04
1134,13,0.22,4.72,1129.7,5328.35,5.04
1135,13,0.22,4.73,1125.5,5326.57,5.04
1136,13,0.23,4.72,1130,5329.77,5.04
1137,13,0.22,4.69,1133.7,5319.98,5.04
1138,13,0.22,4.72,1128.4,5322.22,5.04
1139,13,0.22,4.74,1124.6,5331.31,5.05
1140,13,0.21,4.76,1120.1,5336.89,5.05
1141,13,0.21,4.78,1116.6,5338.09,5.05
1142,15,0.2,4.8,1112.9,5347.14,5.04
1143,15,0.2,4.83,1107.7,5348.77,5.04
1144,15,0.2,4.85,1104.2,5358.39,5.04
1145,15,0.2,4.87,1098.4,5347.84,5.04
1146,15,0.2,4.85,1104.4,5359.36,5.05
1147,15,0.2,4.83,1108.6,5353.11,5.04
1148,15,0.2,4.85,1103.9,5356.94,5.04
1149,15,0.2,4.87,1098.9,5350.27,5.04
1150,15,0.2,4.85,1103.5,5355,5.05
1151,15,0.2,4.83,1108.6,5353.11,5.05
1152,15,0.2,4.85,1104.1,5357.91,5.05
1153,15,0.19,4.88,1099.3,5361.03,5.05
1154,15,0.2,4.89,1095.2,5358.57,5.05
1155,15,0.2,4.88,1100.6,5367.37,5.05
1156,15,0.2,4.85,1105.7,5365.67,5.05
1157,15,0.19,4.88,1102.4,5376.14,5.05
1158,15,0.2,4.89,1095.8,5361.51,5.05
1159,15,0.2,4.88,1099.8,5363.46,5.05
1160,13,0.2,4.87,1100.5,5358.06,5.09
1161,13,0.2,4.88,1095.5,5351.27,5.08
1162,13,0.2,4.86,1101.5,5354.11,5.08
1163,13,0.21,4.84,1108.1,5359.57,5.08
1164,13,0.2,4.81,1112.1,5352.2,5.08
1165,13,0.2,4.84,1108.6,5361.99,5.06
1166,13,0.2,4.85,1101.6,5345.78,5.08
1167,13,0.2,4.84,1103.8,5338.78,5.08
1168,13,0.2,4.85,1098.3,5329.76,5.08
1169,14,0.2,4.84,1099.8,5319.43,5.08
1170,15,0.2,4.86,1090.1,5298.7,5.09
1171,14,0.2,4.84,1092.9,5286.06,5.08
1172,13,0.2,4.85,1082.8,5254.55,5.08
1173,13,0.2,4.83,1087.2,5249.78,5.08
1174,13,0.2,4.84,1081.4,5239.09,5.06
1175,14,0.2,4.82,0,0,5.05
1176,13,0.2,4.84,1077,5209.15,5.05
1177,13,0.2,4.86,1071.3,5207.32,5.05
1178,13,0.2,4.84,1076.5,5206.73,5.05
1179,13,0.2,4.86,1069.6,5199.06,5.05
1180,13,0.2,4.84,1073.2,5190.77,5.05
1181,13,0.2,4.85,1063.9,5162.83,5.05
1182,13,0.2,4.84,1068.8,5169.49,5.05
1183,14,0.2,4.81,1073.2,5164.99,5.05
1184,16,0.2,4.84,1079.9,5223.18,5.05
1185,14,0.2,4.85,1070,5192.43,5.05
1186,13,0.2,4.84,1082.1,5233.82,5.05
1187,13,0.21,4.82,1087.3,5241.56,5.05
1188,13,0.21,4.8,1096.5,5259.56,5.05
1189,13,0.21,4.78,1100,5258.74,5.05
1190,13,0.21,4.8,1094.6,5250.45,5.05
1191,13,0.21,4.77,1097.9,5239.9,5.05
1192,13,0.21,4.8,1091.9,5237.5,5.05
1193,13,0.21,4.77,1097.2,5236.56,5.05
1194,13,0.21,4.8,1091.6,5236.06,5.05
1195,13,0.21,4.77,1095,5226.06,5.05
1196,13,0.2,4.8,1092.7,5241.34,5.05
1197,13,0.21,4.81,1085.3,5223.22,5.05
1198,13,0.2,4.8,1088.1,5219.27,5.05
1199,13,0.21,4.81,1083.7,5215.52,5.05
1200,13,0.2,4.8,0,0,5.05
1201,14,0.2,4.81,1082.9,5211.67,5.05
1202,15,0.2,4.84,1076.4,5206.25,5.05
1203,28,0.2,4.81,0,0,5.04
1204,35,0.2,4.83,1067.6,5155.14,5.04
1205,15,0.2,4.85,1061.6,5151.67,5.04
1206,16,0.2,4.83,1068.8,5160.93,5.04
1207,16,0.2,4.8,1073,5155.43,5.04
1208,16,0.2,4.83,1066.7,5150.79,5.04
1209,16,0.2,4.8,1070.5,5143.42,5.04
1210,16,0.2,4.82,1063.7,5127.79,5.04
1211,17,0.2,4.8,1066.7,5125.17,5.04
1212,15,0.2,4.82,1061.7,5118.15,5.03
1213,16,0.21,4.8,1068.2,5132.37,5.04
1214,17,0.2,4.78,1073.5,5132.05,5.04
1215,20,0.21,4.8,1066.1,5122.28,5.04
1216,20,0.2,4.78,1069.7,5113.88,5.04
1217,19,0.21,4.8,1064.3,5113.63,5.04
1218,17,0.21,4.79,1071.4,5130.59,5.05
1219,17,0.21,4.76,1075.1,5122.48,5.04
1220,17,0.2,4.79,1071,5128.67,5.04
1221,17,0.21,4.8,1063.3,5108.83,5.04
1222,17,0.2,4.78,0,0,5.04
1223,18,0.2,4.8,1062.7,5105.95,5.04
1224,19,0.2,4.82,1057.3,5096.94,5.04
1225,19,0.21,4.8,1063.5,5109.79,5.04
1226,19,0.21,4.78,1069.6,5113.4,5.04
1227,19,0.21,4.76,1071.4,5096.27,5.04
1228,19,0.2,4.78,1066.4,5098.11,5.04
1229,19,0.21,4.8,1060.3,5085.93,5.04
1230,20,0.21,4.78,1066.8,5100.02,5.04
1231,20,0.21,4.76,1069.6,5087.71,5.04
1232,21,0.2,4.78,1066.9,5100.5,5.04
1233,21,0.21,4.8,1059.9,5084.01,5.04
1234,21,0.2,4.78,1063.2,5082.81,5.03
1235,22,0.21,4.8,1056.6,5068.18,5.04
1236,22,0.21,4.78,1063.8,5085.68,5.04
1237,23,0.22,4.76,1069.3,5086.28,5.04
1238,24,0.21,4.73,1073.1,5078.58,5.04
1239,24,0.22,4.76,1065.5,5068.21,5.03
1240,25,0.21,4.73,1069.9,5063.43,5.03
1241,25,0.21,4.76,1066,5070.58,5.03
1242,26,0.21,4.77,1058.5,5051.86,5.03
1243,27,0.22,4.76,1065.1,5066.3,5.03
1244,27,0.21,4.73,1070.2,5064.85,5.03
1245,29,0.22,4.76,1062.7,5054.89,5.03
1246,28,0.21,4.73,1067.9,5053.97,5.03
1247,29,0.21,4.76,1063.7,5059.64,5.03
1248,28,0.21,4.77,1058.4,5051.38,5.03
1249,28,0.22,4.76,1064.5,5063.45,5.04
1250,29,0.22,4.73,1072.9,5077.63,5.03
1251,29,0.22,4.72,1077.1,5080.26,5.04
1252,31,0.23,4.69,1083.2,5083.01,5.03
1253,31,0.23,4.68,1090.2,5098.39,5.03
1254,31,0.23,4.65,1095.6,5097.33,5.04
1255,37,0.23,4.67,1080.7,5045.31,5.03
1256,37,0.24,4.65,1089,5066.62,5.03
1257,40,0.23,4.63,1090,5045.09,5.03
1258,99,0.24,4.6,1014.8,4672.64,5
1259,190,0.23,4.56,973.4,4443.04,4.98
1260,479,0.24,4.4,663.1,2920.49,4.84
1261,718,0.23,4.17,308,1285,4.68
1262,732,0.24,4.19,291.6,1221.25,4.68
1263,726,0.24,4.17,306.1,1277.07,4.68
1264,740,0.24,4.15,293.1,1215.79,4.68
1265,758,0.24,4.16,278.9,1159.12,4.66
1266,769,0.24,4.13,271,1119.78,4.66
1267,776,0.24,4.15,268.2,1112.51,4.66
1268,780,0.24,4.13,270.3,1116.89,4.66
1269,773,0.24,4.12,0,0,4.66
1270,741,0.24,4.16,318.7,1327.09,4.69
1271,747,0.23,4.19,317.8,1330.97,4.69
1272,775,0.24,4.2,293.3,1230.72,4.68
1273,779,0.23,4.17,292.8,1221.58,4.68
1274,775,0.23,4.2,300.1,1259.25,4.68
1275,806,0.23,4.2,272,1143.52,4.66
1276,817,0.23,4.17,263.7,1100.18,4.66
1277,818,0.22,4.2,265.6,1114.48,4.66
1278,823,0.23,4.22,264,1114.11,4.66
1279,826,0.22,4.2,264,1107.77,4.66
1280,831,0.23,4.22,261.9,1105.25,4.66
1281,832,0.22,4.2,262.8,1102.73,4.66
1282,813,0.22,4.24,284.3,1204.33,4.68
1283,783,0.22,4.28,320.1,1368.8,4.69
1284,816,0.22,4.28,284.5,1216.57,4.68
1285,829,0.22,4.24,271.9,1153.98,4.66
1286,819,0.21,4.28,284.3,1215.72,4.68
1287,820,0.21,4.3,283.7,1219.97,4.68
1288,837,0.21,4.31,266,1145.98,4.66
1289,850,0.21,4.28,253.7,1084.87,4.66
1290,858,0.21,4.29,244.7,1050.3,4.65
1291,862,0.21,4.27,0,0,4.65
1292,856,0.2,4.29,245.8,1055.02,4.65
1293,860,0.21,4.32,243,1048.84,4.65
1294,870,0.2,4.28,231.5,991.79,4.64
1295,874,0.21,4.3,226.9,975.72,4.64
1296,866,0.21,4.29,235.3,1009.95,4.65
1297,867,0.21,4.27,236.1,1007.71,4.65
1298,881,0.21,4.28,218.5,934.34,4.64
1299,885,0.21,4.25,216.8,921.87,4.64
1300,885,0.21,4.28,214.2,915.96,4.64
1301,883,0.21,4.25,213.2,906.56,4.64
1302,882,0.2,4.28,212.2,907.4,4.64
1303,880,0.2,4.29,211.7,908.66,4.64
1304,876,0.2,4.32,210.5,908.56,4.64
1305,874,0.2,4.29,211.4,907.37,4.64
1306,868,0.2,4.32,212,915.04,4.64
1307,862,0.19,4.34,212.4,921.87,4.64
1308,858,0.19,4.36,213,927.88,4.64
1309,852,0.18,4.38,214.2,938.26,4.64
1310,844,0.18,4.4,215.3,948.25,4.64
1311,839,0.18,4.43,216.4,958.29,4.64
1312,831,0.17,4.44,218.5,971.09,4.64
1313,826,0.17,4.47,220,983.04,4.64
1314,819,0.16,4.49,222.5,999.56,4.65
1315,811,0.16,4.52,226.1,1021.16,4.65
1316,801,0.16,4.54,230,1044.3,4.65
1317,793,0.15,4.56,234.5,1070.37,4.65
1318,784,0.15,4.59,236.6,1085.63,4.66
1319,769,0.15,4.62,247.8,1144.96,4.66
1320,714,0.14,4.68,298.5,1395.96,4.7
1321,596,0.14,4.77,408.7,1950.59,4.75
1322,374,0.13,4.94,627.4,3099.87,4.86
1323,255,0.13,5.04,740.5,3729.84,4.92
1324,307,0.13,5.02,682.7,3427.77,4.89
1325,286,0.14,5.01,707.3,3545.62,4.9
1326,259,0.14,5.01,736.7,3693,4.91
1327,207,0.15,5.02,792.3,3978.06,4.95
1328,163,0.15,5.03,840.6,4227.3,4.97
1329,174,0.15,5,836.5,4186.59,4.97
1330,154,0.14,5.03,845,4249.43,4.97
1331,135,0.14,5.06,857.2,4338.24,4.98
1332,110,0.13,5.09,875,4456.35,4.99
1333,64,0.13,5.14,909.2,4674.22,5.01
1334,54,0.13,5.17,910.3,4701.74,5.01
1335,53,0.13,5.18,901.2,4669.17,5.01
1336,55,0.13,5.16,908.2,4683.62,5.01
1337,55,0.14,5.14,913.5,4696.32,5.01
1338,59,0.13,5.12,916.5,4689.73,5.01
1339,86,0.14,5.12,880.5,4505.52,4.99
1340,77,0.14,5.1,893.9,4559.77,5
1341,57,0.15,5.1,921.5,4700.55,5.01
1342,50,0.15,5.08,937.7,4768.17,5.01
1343,50,0.15,5.07,946,4795.23,5.01
1344,47,0.16,5.04,954,4812.86,5.02
1345,46,0.16,5.03,962.1,4838.32,5.01
1346,43,0.16,5.01,970,4862.51,5.02
1347,41,0.16,4.99,0,0,5.02
1348,42,0.16,5,969,4849.74,5.02
1349,39,0.16,5.03,962.6,4840.83,5.02
1350,41,0.16,5,969.9,4854.24,5.02
1351,44,0.17,4.99,976.6,4872.13,5.02
1352,42,0.16,4.96,980.7,4869.03,5.02
1353,41,0.17,4.99,974.2,4860.16,5.02
1354,42,0.17,4.96,979.7,4864.06,5.02
1355,42,0.18,4.95,985.2,4875.59,5.02
1356,43,0.17,4.92,989,4870.64,5.02
1357,43,0.18,4.95,981.3,4856.29,5.02
1358,44,0.18,4.92,989.3,4872.11,5.02
1359,43,0.18,4.91,994.3,4880.81,5.02
1360,44,0.18,4.88,997.4,4872.07,5.02
1361,45,0.18,4.9,991.9,4861.09,5.02
1362,45,0.19,4.88,997.6,4873.05,5.02
1363,45,0.19,4.86,1003.6,4878.25,5.02
1364,44,0.2,4.84,1009.3,4889.79,5.02
1365,44,0.2,4.82,1015.2,4893.98,5.02
1366,47,0.2,4.8,1020.1,4901.27,5.02
1367,46,0.2,4.78,1023.7,4893.97,5.02
1368,48,0.2,4.8,1019,4895.98,5.02
1369,50,0.2,4.82,1013,4883.38,5.02
1370,52,0.2,4.8,1016.9,4877.75,5.02
1371,52,0.2,4.82,1011.8,4877.59,5.02
1372,55,0.2,4.8,1018.8,4886.86,5.02
1373,52,0.2,4.78,1021.2,4882.02,5.02
1374,57,0.2,4.8,1016.3,4874.87,5.02
1375,57,0.21,4.78,1021.1,4881.54,5.01
1376,61,0.2,4.76,1023.8,4869.85,5.02
1377,64,0.21,4.77,1018.7,4861.91,5.02
1378,67,0.2,4.75,1019.4,4840.76,5.01
1379,71,0.21,4.77,1014,4839.48,5.02
1380,73,0.2,4.75,1016.4,4826.52,5.02
1381,76,0.2,4.77,1012.3,4831.36,5.01
1382,76,0.2,4.79,1007.6,4825.07,5.01
1383,80,0.21,4.77,1011.5,4827.55,5.01
1384,81,0.21,4.75,1016.8,4828.41,5.01
1385,83,0.21,4.72,1020,4819.11,5.01
1386,84,0.2,4.75,1015.6,4822.72,5.01
1387,86,0.2,4.77,1011,4825.16,5.02
1388,171,0.2,4.79,1005.7,4815.97,5.01
1389,89,0.21,4.77,1009.5,4818,5.01
1390,92,0.2,4.75,1012.5,4808,5.01
1391,94,0.21,4.77,0,0,5.01
1392,94,0.21,4.75,1013.4,4812.27,5.01
1393,98,0.21,4.72,1016.3,4801.63,5.01
1394,100,0.21,4.75,0,0,5.01
1395,102,0.22,4.72,1013.3,4787.45,5.01
1396,105,0.21,4.7,1016.2,4776.74,5.01
1397,106,0.21,4.72,1012.3,4782.73,5.01
1398,107,0.2,4.75,1008.9,4790.9,5.01
1399,109,0.21,4.76,1003.5,4781.33,5.01
1400,111,0.21,4.75,1008.5,4789,5.02
1401,115,0.21,4.72,1010.8,4775.64,5.01
1402,117,0.21,4.75,1005.4,4774.28,5.01
1403,117,0.21,4.72,1009.3,4768.55,5.01
1404,118,0.21,4.74,1004.3,4761.01,5.01
1405,123,0.22,4.72,1009.1,4767.61,5.01
1406,125,0.21,4.7,1012,4757,5.01
1407,124,0.22,4.72,1006.1,4753.43,5.01
1408,128,0.21,4.7,1010.4,4749.48,5.01
1409,129,0.21,4.72,1006.7,4756.27,5.01
1410,129,0.21,4.74,1002.9,4754.38,5.01
1411,131,0.22,4.72,1008.3,4763.83,5.01
1412,131,0.21,4.7,1012,4757,5.01
1413,135,0.22,4.72,0,0,5.01
1414,132,0.22,4.7,1013.1,4762.17,5.01
1415,135,0.22,4.68,1017.4,4766.09,5.01
1416,140,0.22,4.66,1018.1,4744.91,5.01
1417,142,0.22,4.68,1017.7,4767.49,5.01
1418,141,0.22,4.7,1013.5,4764.05,5.01
1419,140,0.22,4.68,1018.9,4764.95,5.01
1420,142,0.22,4.66,1020.4,4755.63,5.01
1421,143,0.22,4.68,1014.7,4745.31,5.01
1422,144,0.23,4.66,1019.6,4751.9,5.01
1423,146,0.22,4.64,1021.5,4736.21,5
1424,147,0.22,4.66,1019,4749.1,5.01
1425,146,0.22,4.68,1015.2,4747.65,5.01
1426,149,0.23,4.66,1020.2,4754.69,5.01
1427,149,0.22,4.64,1023.8,4746.88,5.01
1428,151,0.22,4.66,1020.3,4755.16,5.01
1429,150,0.22,4.68,1017.1,4756.54,5.01
1430,150,0.22,4.7,1011,4752.3,5.01
1431,152,0.22,4.68,1015.5,4749.05,5.01
1432,154,0.21,4.7,1011.7,4755.59,5.01
1433,152,0.21,4.72,1007.7,4760.99,5.01
1434,158,0.21,4.74,1004.1,4760.07,5.01
1435,156,0.22,4.72,1008.3,4763.83,5.01
1436,156,0.21,4.7,1012.5,4759.35,5.01
1437,157,0.21,4.72,1007.8,4761.47,5.01
1438,157,0.21,4.74,0,0,5.01
1439,160,0.22,4.72,1006.4,4746.79,5.01
1440,162,0.22,4.7,1013.2,4762.64,5.01
1441,160,0.22,4.68,1014.8,4745.78,5.01
1442,160,0.21,4.7,1011,4752.3,5.01
1443,163,0.22,4.72,1007,4749.62,5.01
1444,164,0.22,4.7,1011.5,4754.65,5.01
1445,164,0.22,4.68,1015.9,4750.93,5.01
1446,162,0.21,4.7,1013.5,4764.05,5.01
1447,162,0.22,4.72,1008.4,4756.23,5.01
1448,164,0.22,4.7,1012.3,4758.41,5.01
1449,164,0.22,4.68,1016,4751.39,5.01
1450,164,0.22,4.7,1010.3,4749.01,5.01
1451,164,0.22,4.68,1016.4,4753.26,5.01
1452,165,0.22,4.65,1019.6,4743.73,5.01
1453,164,0.22,4.68,1016.2,4752.33,5.01
1454,162,0.21,4.7,1012.3,4758.41,5.01
1455,161,0.22,4.72,1008.3,4755.75,5.01
1456,161,0.22,4.7,1012.2,4757.94,5.01
1457,164,0.22,4.68,0,0,5.01
1458,161,0.21,4.7,1013.1,4762.17,5.01
1459,164,0.22,4.72,1007.4,4759.58,5.01
1460,164,0.22,4.7,1013,4761.7,5.01
1461,162,0.22,4.69,1016.5,4770.01,5.02
1462,157,0.22,4.68,1017.2,4765.15,5.04
1463,162,0.22,4.7,1012.9,4761.23,5.04
1464,171,0.22,4.67,1018.6,4755.39,5.02
1465,170,0.22,4.68,1013.3,4746.88,5.02
1466,167,0.23,4.66,1019.8,4752.83,5.02
1467,166,0.22,4.64,1021.5,4744.39,5.02
1468,168,0.22,4.65,1020.6,4748.39,5.01
1469,161,0.22,4.67,1018.3,4753.99,5.01
1470,164,0.21,4.69,1014.1,4758.75,5
1471,169,0.22,4.71,1007.3,4742.97,5
1472,169,0.21,4.69,1009.7,4738.1,5.01
1473,168,0.22,4.71,1006,4736.85,5.01
1474,169,0.22,4.69,1010.1,4739.98,5
1475,167,0.22,4.67,1015.5,4740.92,5
1476,168,0.22,4.64,1018.7,4731.39,5
1477,164,0.22,4.67,1013.8,4732.99,5
1478,168,0.22,4.69,1008.4,4732,5
1479,171,0.22,4.67,1013.6,4732.05,5
1480,170,0.22,4.64,1016.4,4720.71,5
1481,169,0.22,4.67,1012.3,4725.98,5
1482,169,0.21,4.69,1008.7,4733.41,5
1483,169,0.22,4.71,1003.7,4726.02,5
1484,167,0.22,4.69,1008.3,4731.53,5
1485,167,0.22,4.67,1014,4733.92,5
1486,169,0.22,4.64,1016.5,4721.17,5
1487,170,0.22,4.67,1012,4724.58,5
1488,169,0.21,4.69,1009.2,4735.75,5
1489,169,0.22,4.71,1005.1,4732.61,5
1490,170,0.22,4.69,1012.4,4750.77,5
1491,168,0.22,4.67,1014.9,4738.12,5
1492,171,0.22,4.68,1011.3,4737.51,5
1493,169,0.22,4.67,1016.3,4744.66,5
1494,169,0.23,4.65,1020.6,4748.39,5
1495,169,0.22,4.62,1022.2,4723.09,4.99
1496,170,0.23,4.64,1016.2,4719.78,5
1497,170,0.23,4.63,1020.8,4724.79,4.99
1498,171,0.23,4.6,1025.1,4720.07,5
1499,167,0.22,4.63,1023.6,4737.75,5
1500,168,0.22,4.64,1021.7,4745.32,5
1501,166,0.22,4.67,1018.2,4753.53,5
1502,166,0.21,4.69,1013.2,4754.52,5
1503,166,0.21,4.71,1010.2,4756.63,5
1504,161,0.2,4.73,1006,4761.02,5
1505,158,0.21,4.75,1000.4,4750.54,5
1506,163,0.21,4.73,1004.2,4752.5,5
1507,160,0.22,4.71,1013.1,4770.28,5
1508,159,0.22,4.69,1017.3,4773.76,5
1509,163,0.22,4.67,1022.1,4771.73,5
1510,160,0.21,4.69,1017,4772.36,5
1511,160,0.21,4.72,1014.1,4783.11,5.01
1512,159,0.21,4.73,1009.9,4779.47,5.01
1513,160,0.22,4.72,1016.7,4795.37,5
1514,162,0.21,4.69,1021.9,4795.35,5
1515,162,0.21,4.72,1020,4810.94,5
1516,160,0.21,4.74,1014.3,4808.42,5
1517,158,0.21,4.72,1019,4806.22,5.01
1518,161,0.21,4.73,1012.4,4791.31,5.01
1519,168,0.21,4.72,1012.8,4776.98,5.01
1520,179,0.21,4.73,1006.6,4763.86,5
1521,178,0.22,4.72,1010.5,4766.13,5
1522,164,0.22,4.71,1015.4,4781.11,5.02
1523,165,0.22,4.68,0,0,5.01
1524,167,0.21,4.7,1015.9,4775.33,5.01
1525,166,0.21,4.72,1012,4781.31,5.01
1526,165,0.21,4.74,0,0,5.01
1527,167,0.22,4.72,1011.8,4780.36,5.01
1528,164,0.21,4.7,1013.2,4762.64,5.01
1529,163,0.21,4.72,1012.1,4781.78,5.01
1530,160,0.21,4.74,1007.4,4775.71,5.01
1531,164,0.22,4.72,1013,4777.92,5.01
1532,162,0.22,4.7,1018.8,4788.96,5.01
1533,159,0.22,4.92,958.3,4711.77,5.33
1534,163,0.21,4.87,967.8,4711.98,5.24
1535,161,0.21,4.85,980.1,4756.17,5.18
1536,164,0.21,4.88,968.5,4723.15,5.19
1537,162,0.21,4.88,964.4,4710.87,5.24
1538,157,0.2,4.91,963.2,4728.15,5.23
1539,155,0.2,4.89,968.6,4739.14,5.18
1540,153,0.2,4.92,960.5,4730.28,5.19
1541,155,0.21,4.9,966.1,4734.65,5.18
1542,153,0.21,4.88,973.2,4746.07,5.18
1543,236,0.21,4.8,897.1,4303.11,5.14
1544,442,0.21,4.66,673.6,3139.35,4.99
1545,571,0.21,4.53,528.8,2396.75,4.9
1546,712,0.21,4.44,384.4,1708.4,4.82
1547,856,0.21,4.3,241.6,1038.93,4.71
1548,873,0.21,4.32,222.2,959.06,4.7
1549,864,0.22,4.3,231.9,997.22,4.71
1550,861,0.22,4.28,237.3,1016.64,4.72
1551,863,0.22,4.26,233.8,996.03,4.71
1552,865,0.22,4.28,229.1,979.67,4.71
1553,783,0.22,4.32,309.1,1336.62,4.76
1554,802,0.22,4.29,297,1274.78,4.75
1555,889,0.22,4.29,268.3,1151.59,4.73
1556,833,0.23,4.28,272.6,1165.69,4.74
1557,808,0.23,4.28,299.7,1281.57,4.75
1558,722,0.24,4.32,385.2,1665.69,4.82
1559,566,0.24,4.44,571.7,2540.83,4.93
1560,284,0.24,4.62,858.1,3964.86,5.12
1561,147,0.25,4.7,1027.3,4828.92,5.19
1562,138,0.25,4.68,1047.1,4905.22,5.19
1563,140,0.25,4.65,1046.8,4870.28,5.19
1564,323,0.25,4.53,836.1,3789.56,5.06
1565,624,0.25,4.32,553.3,2388.16,4.89
1566,565,0.24,4.36,587.6,2559.74,4.91
1567,504,0.24,4.42,642.3,2839.17,4.95
1568,638,0.24,4.32,469.2,2028.93,4.84
1569,827,0.24,4.14,263.6,1091.32,4.71
1570,832,0.24,4.16,257.6,1072.66,4.71
1571,841,0.24,4.14,251.5,1041.22,4.71
1572,860,0.24,4.15,230.6,956.54,4.7
1573,870,0.24,4.12,0,0,4.69
1574,877,0.24,4.14,213.8,885.14,4.69
1575,877,0.24,4.16,212.1,881.5,4.69
1576,881,0.24,4.13,211.1,872.27,4.69
1577,881,0.23,4.16,210.5,874.85,4.69
1578,881,0.23,4.18,209.4,875.31,4.69
1579,881,0.22,4.2,211,887.07,4.69
1580,881,0.22,4.23,211.5,894.25,4.7
1581,879,0.22,4.25,213.6,908.26,4.7
1582,876,0.21,4.28,216.9,927.5,4.7
1583,875,0.21,4.3,219.5,943.89,4.7
1584,871,0.2,4.32,223.5,966.46,4.71
1585,864,0.2,4.35,227.6,989.66,4.71
1586,862,0.2,4.37,229.7,1004.31,4.71
1587,855,0.19,4.4,234.5,1030.93,4.71
1588,849,0.19,4.43,241.8,1070.77,4.72
1589,837,0.18,4.46,251.5,1121.78,4.73
1590,802,0.18,4.51,289.9,1306.99,4.75
1591,777,0.18,4.56,314,1430.73,4.77
1592,722,0.17,4.62,365.5,1688.8,4.82
1593,608,0.17,4.74,480.8,2279.29,4.89
1594,559,0.16,4.8,526.8,2526.89,4.92
1595,415,0.16,4.92,663.5,3267.61,5.01
1596,384,0.16,4.97,697.7,3469.56,5.03
1597,421,0.16,4.96,658.4,3263.58,5.01
1598,461,0.16,4.9,617.6,3026.73,4.97
1599,379,0.15,4.99,690.9,3446.81,5.03
1600,215,0.15,5.13,833.1,4269.64,5.13
1601,153,0.15,5.18,881,4564.51,5.15
1602,156,0.15,5.19,869.7,4512.93,5.15
1603,152,0.15,5.18,889.6,4609.07,5.16
1604,168,0.15,5.15,890.6,4585.72,5.15
1605,205,0.15,5.15,849.4,4373.58,5.13
1606,276,0.15,5.07,807.3,4092.16,5.08
1607,293,0.15,5.07,781.3,3960.37,5.06
1608,254,0.16,5.11,819.7,4187.84,5.12
1609,218,0.16,5.11,853.5,4360.52,5.14
1610,212,0.16,5.07,881.4,4467.77,5.11
1611,346,0.16,4.97,757.7,3767.93,5.05
1612,429,0.16,4.94,661.2,3266.87,5.01
1613,398,0.17,4.93,698.9,3447.55,5.02
1614,333,0.17,4.96,768.2,3807.85,5.05
1615,318,0.18,4.94,789,3898.31,5.06
1616,295,0.18,4.93,809.9,3995.09,5.06
1617,326,0.18,4.88,782.9,3824.29,5.04
1618,340,0.18,4.89,760.3,3719.98,5.03
1619,434,0.18,4.8,675.8,3247.01,4.98
1620,559,0.18,4.72,539.8,2550.35,4.89
1621,615,0.18,4.67,483.1,2255.38,4.86
1622,616,0.18,4.69,480.4,2254.32,4.86
1623,514,0.18,4.75,580.5,2756.58,4.92
1624,397,0.19,4.82,712.2,3433.31,5.01
1625,370,0.19,4.82,741.6,3575.04,5.03
1626,378,0.19,4.79,735.4,3521.59,5.02
1627,467,0.19,4.73,632.2,2991.96,4.96
1628,532,0.19,4.67,570.3,2662.48,4.91
1629,560,0.19,4.66,537.8,2506.44,4.89
1630,564,0.19,4.64,531.6,2464.78,4.89
1631,536,0.18,4.68,560.2,2624.3,4.91
1632,382,0.18,4.83,716.9,3461.71,5.02
1633,307,0.18,4.91,785.5,3855.86,5.06
1634,315,0.18,4.92,777.5,3822.81,5.06
1635,360,0.18,4.86,737.2,3583.34,5.02
1636,381,0.18,4.87,709.5,3454.38,5.01
1637,496,0.18,4.75,598.5,2842.06,4.93
1638,610,0.18,4.68,475.4,2227.05,4.86
1639,632,0.18,4.64,453.6,2106.76,4.84
1640,708,0.18,4.6,375.2,1727.61,4.79
1641,745,0.18,4.56,336.3,1532.33,4.76
1642,833,0.18,4.5,0,0,4.71
1643,864,0.18,4.45,215.8,960.82,4.69
1644,869,0.18,4.43,211.1,934.82,4.68
1645,878,0.18,4.44,201,891.7,4.68
1646,884,0.18,4.41,195.5,862.61,4.68
1647,889,0.18,4.43,191.3,847.14,4.66
1648,893,0.18,4.41,188.5,831.72,4.66
1649,894,0.18,4.43,184.4,816.58,4.66
1650,898,0.18,4.4,183.6,808.63,4.66
1651,899,0.18,4.42,181.4,801.85,4.66
1652,899,0.19,4.4,184.6,813.03,4.66
1653,896,0.19,4.39,188.1,825.44,4.66
1654,896,0.19,4.36,186.5,813.93,4.66
1655,902,0.19,4.38,183.1,802.03,4.66
1656,903,0.19,4.36,182.7,797.35,4.66
1657,903,0.18,4.39,183.5,805.25,4.66
1658,902,0.18,4.4,185.4,816.56,4.66
1659,892,0.18,4.44,192.8,855.32,4.68
1660,896,0.18,4.45,189.3,842.83,4.66
1661,900,0.18,4.44,187.1,830.04,4.66
1662,895,0.17,4.46,190.9,851.48,4.68
1663,889,0.17,4.49,195.9,880.06,4.69
1664,887,0.16,4.51,199.9,901.23,4.69
1665,879,0.16,4.54,204,926.25,4.69
1666,878,0.16,4.56,205.6,936.81,4.69
1667,871,0.15,4.58,210.8,965.56,4.69
1668,861,0.15,4.61,221.5,1021.67,4.7
1669,835,0.15,4.65,240.3,1118.01,4.72
1670,836,0.14,4.68,243.6,1139.21,4.72
1671,826,0.14,4.71,248.2,1168.67,4.72
1672,807,0.13,4.74,263,1246.79,4.73
1673,822,0.14,4.75,246.3,1169.59,4.72
1674,832,0.13,4.72,235.1,1108.87,4.71
1675,826,0.13,4.73,237.4,1123.52,4.71
1676,838,0.13,4.75,224.8,1067.49,4.71
1677,828,0.14,4.73,232.7,1101.28,4.71
1678,779,0.14,4.76,284.4,1352.79,4.75
1679,662,0.15,4.84,391.7,1894.54,4.83
1680,446,0.15,5,613.4,3065.09,4.98
1681,460,0.15,4.97,614.5,3055.82,4.98
1682,744,0.15,4.75,325.2,1544.26,4.77
1683,853,0.15,4.63,214.5,992.82,4.7
1684,862,0.15,4.64,202.6,939.36,4.69
1685,868,0.15,4.61,196.2,904.97,4.68
1686,873,0.15,4.63,191.8,887.75,4.68
1687,877,0.15,4.6,189.5,872.55,4.68
1688,878,0.15,4.62,185.9,858.95,4.68
1689,880,0.15,4.6,184.5,848.05,4.66
1690,883,0.15,4.62,181.9,840.47,4.66
1691,882,0.15,4.6,181.8,835.64,4.66
1692,880,0.15,4.62,0,0,4.66
1693,884,0.15,4.6,180.8,831.05,4.66
1694,883,0.16,4.57,182.7,835.39,4.66
1695,879,0.15,4.56,182.9,833.37,4.66
1696,879,0.15,4.58,182.5,835.94,4.66
1697,876,0.15,4.6,183,841.16,4.66
1698,876,0.14,4.62,183,845.55,4.66
1699,874,0.14,4.64,183.5,852.27,4.66
1700,869,0.13,4.66,184.4,859.41,4.66
1701,869,0.13,4.68,186.1,871.8,4.68
1702,865,0.13,4.71,187.8,884.27,4.68
1703,860,0.12,4.73,189.6,897.31,4.68
1704,854,0.12,4.76,192.2,914.23,4.68
1705,848,0.11,4.78,194.7,930.8,4.69
1706,840,0.11,4.8,200.3,962.38,4.69
1707,833,0.11,4.84,209.4,1012.81,4.7
1708,814,0.1,4.88,223.6,1090.44,4.71
1709,796,0.1,4.91,240.4,1180.07,4.72
1710,784,0.09,4.94,244.9,1210.01,4.72
1711,737,0.09,5,286.2,1430.11,4.75
1712,700,0.09,5.05,317,1601.78,4.78
1713,721,0.09,5.05,294,1485.56,4.76
1714,736,0.09,5.02,283.4,1422.92,4.75
1715,711,0.08,5.05,298,1505.77,4.77
1716,718,0.09,5.07,289.5,1467.46,4.76
1717,740,0.08,5.03,269.9,1357.3,4.74
1718,749,0.09,5.04,255.8,1288.44,4.73
1719,744,0.09,5.02,264.5,1328.03,4.74
1720,711,0.09,5.03,294.6,1481.52,4.76
1721,666,0.1,5.05,338.1,1708.4,4.79
1722,663,0.1,5.03,340.4,1711.84,4.79
1723,666,0.1,5,340.6,1704.66,4.79
1724,622,0.09,5.06,371.4,1879.63,4.82
1725,532,0.09,5.16,451.7,2329.43,4.88
1726,469,0.09,5.22,500.1,2611.07,4.91
1727,468,0.09,5.24,490.7,2569.85,4.91
1728,417,0.09,5.25,537.3,2822.51,4.96
1729,364,0.1,5.28,586.1,3092.94,4.98
1730,329,0.1,5.28,620.3,3273.42,5
1731,253,0.11,5.31,683,3626.17,5.04
1732,127,0.11,5.37,793.1,4261.52,5.12
1733,89,0.11,5.38,828.5,4458.37,5.14
1734,92,0.12,5.35,834.9,4466.07,5.14
1735,145,0.11,5.3,800.5,4243.59,5.11
1736,384,0.12,5.14,584.7,3005.95,4.96
1737,521,0.11,5,452.3,2263.71,4.87
1738,580,0.12,4.97,388.2,1930.46,4.82
1739,624,0.11,4.91,338.1,1659.66,4.78
1740,596,0.11,4.96,361.8,1793.39,4.81
1741,541,0.11,5.02,410.5,2061.08,4.84
1742,485,0.1,5.08,453.7,2303.42,4.87
1743,357,0.1,5.2,562.6,2923.87,4.95
1744,175,0.09,5.35,706.8,3780.83,5.05
1745,55,0.09,5.44,785,4268.29,5.12
1746,26,0.09,5.48,803.6,4401.6,5.14
1747,25,0.09,5.49,793.7,4360.08,5.13
1748,24,0.09,5.48,804.5,4406.53,5.13
1749,24,0.1,5.46,817.3,4463.55,5.14
1750,25,0.1,5.44,825.2,4486.87,5.14
1751,27,0.1,5.41,828.1,4482.74,5.14
1752,27,0.1,5.43,816.5,4433.03,5.13
1753,25,0.11,5.41,830.7,4496.82,5.14
1754,23,0.11,5.41,846.3,4574.49,5.15
1755,23,0.11,5.39,856.1,4613.75,5.15
1756,23,0.12,5.37,864.1,4636.1,5.15
1757,23,0.12,5.35,875.4,4682.71,5.16
1758,23,0.13,5.33,885.1,4720.42,5.16
1759,22,0.13,5.32,899,4780.16,5.16
1760,23,0.13,5.29,903.3,4781.32,5.16
1761,23,0.14,5.28,914.5,4825.96,5.16
1762,22,0.14,5.26,927.9,4881.81,5.17
1763,22,0.15,5.24,936.1,4902.46,5.17
1764,23,0.14,5.22,0,0,5.17
1765,22,0.14,5.24,930.1,4871.04,5.17
1766,22,0.14,5.25,922.1,4843.91,5.16
1767,22,0.15,5.24,931.4,4877.85,5.16
1768,22,0.15,5.21,939.6,4898.22,5.17
1769,21,0.15,5.2,951.7,4946.06,5.17
1770,20,0.16,5.18,962.1,4984.7,5.17
1771,25,0.15,5.15,948.6,4884.37,5.16
1772,75,0.16,5.11,871,4449.93,5.12
1773,48,0.16,5.11,901.6,4606.26,5.13
1774,28,0.16,5.12,940.4,4812.02,5.15
1775,52,0.16,5.07,911.4,4619.84,5.13
1776,162,0.16,5,789.3,3944.04,5.05
1777,178,0.16,4.96,770.9,3827.4,5.04
1778,324,0.16,4.86,608.6,2958.25,4.93
1779,379,0.16,4.79,549,2628.98,4.89
1780,409,0.16,4.79,512.4,2453.72,4.87
1781,473,0.16,4.71,441.5,2078.85,4.83
1782,413,0.16,4.78,503.3,2406.11,4.87
1783,308,0.15,4.89,611,2989.49,4.93
1784,266,0.15,4.94,652.3,3222.9,4.97
1785,321,0.15,4.92,587.8,2890.1,4.92
1786,401,0.15,4.83,0,0,4.87
1787,462,0.15,4.79,430,2059.13,4.83
1788,483,0.15,4.8,403.3,1934.5,4.81
1789,504,0.15,4.76,381.7,1815.61,4.79
1790,534,0.15,4.74,340.7,1615.13,4.77
1791,547,0.15,4.71,327.9,1543.95,4.76
1792,559,0.15,4.72,311.9,1471.11,4.75
1793,569,0.15,4.68,300.8,1409.12,4.74
1794,570,0.15,4.7,292.4,1374.45,4.74
1795,572,0.15,4.68,291.9,1367.43,4.73
1796,568,0.14,4.7,292.4,1374.45,4.73
1797,568,0.15,4.72,287.3,1355.08,4.73
1798,573,0.14,4.7,284.7,1338.26,4.73
1799,570,0.15,4.72,283.1,1335.27,4.73
1800,573,0.14,4.69,282.3,1324.72,4.73
1801,572,0.14,4.72,281.2,1326.31,4.73
1802,570,0.14,4.74,279.1,1323.11,4.73
1803,567,0.15,4.72,281.8,1329.14,4.73
1804,562,0.15,4.7,289.5,1360.82,4.73
1805,549,0.15,4.69,299.6,1405.9,4.74
1806,540,0.16,4.68,313.8,1470.02,4.75
1807,523,0.16,4.68,330.5,1548.25,4.76
1808,509,0.16,4.67,345.5,1612.99,4.77
1809,492,0.17,4.66,366,1705.76,4.78
1810,452,0.17,4.68,405.9,1898.22,4.82
1811,397,0.18,4.71,471.6,2220.57,4.86
1812,357,0.18,4.72,523.1,2471.45,4.89
1813,429,0.18,4.64,438.1,2031.26,4.83
1814,535,0.18,4.56,315.4,1437.1,4.75
1815,540,0.18,4.53,308.8,1399.61,4.74
1816,545,0.18,4.54,299.9,1361.68,4.74
1817,554,0.18,4.52,289.4,1307.05,4.73
1818,559,0.18,4.52,281.3,1272.72,4.73
1819,561,0.18,4.5,276.2,1243.01,4.72
1820,564,0.18,4.52,269.8,1218.53,4.72
1821,565,0.18,4.49,266.9,1199.02,4.72
1822,565,0.18,4.51,262.4,1183,4.71
1823,565,0.18,4.48,260.3,1167.28,4.72
1824,565,0.18,4.51,257.6,1161.36,4.71
1825,565,0.18,4.48,255.9,1147.55,4.71
1826,564,0.18,4.5,253.5,1140.85,4.71
1827,563,0.18,4.48,253.5,1136.79,4.71
1828,560,0.18,4.5,252.1,1134.55,4.7
1829,560,0.18,4.48,251.7,1126.7,4.7
1830,560,0.17,4.5,250.4,1126.9,4.71
1831,554,0.18,4.52,248.5,1124.32,4.71
1832,555,0.17,4.5,249.1,1121.05,4.71
1833,553,0.18,4.52,0,0,4.71
1834,550,0.18,4.5,249,1120.6,4.7
1835,549,0.18,4.48,248.7,1115.27,4.71
1836,550,0.17,4.5,248.1,1116.55,4.71
1837,546,0.17,4.52,247.3,1118.89,4.71
1838,545,0.17,4.54,245.6,1115.13,4.7
1839,542,0.17,4.52,245.9,1112.55,4.71
1840,540,0.16,4.54,245.2,1113.31,4.7
1841,535,0.17,4.56,243.3,1108.58,4.7
1842,535,0.16,4.54,243.5,1105.6,4.7
1843,531,0.17,4.56,242.1,1103.12,4.7
1844,530,0.16,4.54,242.1,1099.24,4.7
1845,527,0.17,4.56,240,1093.55,4.7
1846,524,0.16,4.53,239.9,1087.33,4.7
1847,523,0.17,4.56,236.7,1078.51,4.7
1848,523,0.16,4.53,236.2,1070.56,4.7
1849,521,0.17,4.56,233.8,1065.3,4.7
1850,519,0.16,4.53,233.1,1056.51,4.7
1851,516,0.17,4.55,231.2,1051.6,4.7
1852,517,0.16,4.52,229.9,1040.16,4.69
1853,516,0.17,4.55,227.9,1036.59,4.69
1854,516,0.16,4.52,227.5,1029.31,4.69
1855,512,0.17,4.55,225,1023.4,4.69
1856,514,0.16,4.52,225.2,1018.9,4.69
1857,512,0.17,4.55,223.4,1016.12,4.69
1858,512,0.16,4.52,222.9,1008.49,4.69
1859,513,0.17,4.55,221,1005.21,4.69
1860,510,0.16,4.52,220.9,999.44,4.69
1861,509,0.17,4.54,219.6,997.08,4.69
1862,510,0.16,4.52,219.9,993.16,4.69
1863,507,0.17,4.54,217.7,988.45,4.69
1864,506,0.16,4.52,218.7,987.74,4.69
1865,507,0.17,4.54,216.3,982.1,4.69
1866,505,0.16,4.52,217.1,980.51,4.69
1867,504,0.17,4.54,214.6,974.38,4.69
1868,505,0.16,4.52,215.2,971.93,4.69
1869,505,0.17,4.53,213.4,967.22,4.68
1870,505,0.16,4.52,212.7,960.64,4.68
1871,506,0.17,4.53,211.2,957.25,4.68
1872,507,0.16,4.52,211.5,955.22,4.68
1873,509,0.17,4.53,210,951.81,4.68
1874,510,0.16,4.51,210.1,947.22,4.68
1875,509,0.17,4.53,208.5,945.01,4.68
1876,510,0.16,4.51,208,937.75,4.68
1877,512,0.16,4.53,207,938.21,4.68
1878,513,0.16,4.55,204.8,931.52,4.68
1879,517,0.16,4.53,204.4,926.43,4.68
1880,520,0.16,4.55,202.6,921.51,4.68
1881,521,0.17,4.53,203.6,922.8,4.68
1882,522,0.16,4.51,202.9,914.75,4.68
1883,528,0.17,4.52,201.3,910.77,4.68
1884,530,0.16,4.51,200.8,905.29,4.68
1885,533,0.17,4.52,199,900.36,4.68
1886,537,0.16,4.5,199.1,896.03,4.68
1887,541,0.17,4.52,197.1,891.76,4.68
1888,545,0.16,4.5,197.1,887.03,4.66
1889,550,0.17,4.52,196,886.79,4.68
1890,556,0.16,4.5,195.6,880.28,4.66
1891,558,0.17,4.52,193.7,876.38,4.66
1892,565,0.16,4.5,193.8,872.18,4.66
1893,572,0.17,4.52,192.4,868.96,4.66
1894,576,0.16,4.5,191.9,863.63,4.66
1895,583,0.17,4.52,190,858.12,4.66
1896,587,0.17,4.5,191,859.58,4.66
1897,589,0.17,4.48,190.3,851.85,4.66
1898,597,0.17,4.49,189,849.06,4.66
1899,601,0.17,4.48,188.6,844.24,4.66
1900,605,0.17,4.49,186.5,837.83,4.66
1901,612,0.17,4.47,184.6,824.86,4.66
1902,616,0.16,4.49,186.1,836.03,4.66
1903,616,0.17,4.52,184.5,833.28,4.66
1904,622,0.16,4.49,185.4,832.89,4.66
1905,625,0.17,4.51,183.3,826.39,4.66
1906,627,0.16,4.49,183.8,825.7,4.66
1907,631,0.17,4.51,182.5,822.78,4.66
1908,636,0.16,4.49,182.9,821.66,4.65
1909,639,0.17,4.51,181.5,818.28,4.66
1910,642,0.16,4.49,181.9,817.17,4.66
1911,646,0.17,4.51,180.3,812.87,4.66
1912,651,0.16,4.49,179.8,807.73,4.66
1913,653,0.16,4.51,179.5,809.26,4.65
1914,657,0.16,4.53,178.1,807.23,4.66
1915,661,0.16,4.51,178.4,804.3,4.65
1916,662,0.16,4.53,177,802.24,4.66
1917,668,0.17,4.51,178.1,802.95,4.65
1918,670,0.16,4.48,177.8,797.32,4.65
1919,674,0.17,4.51,176.5,795.73,4.65
1920,678,0.16,4.48,177,793.74,4.65
1921,681,0.17,4.51,175.5,791.22,4.65
1922,684,0.16,4.48,175.3,786.11,4.65
1923,687,0.16,4.51,174.8,788.07,4.65
1924,691,0.16,4.52,173.1,783.18,4.65
1925,694,0.16,4.5,173,778.57,4.65
1926,696,0.16,4.52,171.7,776.84,4.65
1927,697,0.16,4.5,172.2,774.97,4.65
1928,701,0.16,4.52,171,773.68,4.65
1929,705,0.16,4.5,171.7,772.72,4.65
1930,708,0.16,4.52,170.5,771.41,4.65
1931,711,0.16,4.5,170,765.07,4.65
1932,713,0.16,4.52,169.2,765.53,4.65
1933,718,0.16,4.54,168.6,765.52,4.65
1934,720,0.16,4.52,168.9,764.17,4.65
1935,723,0.16,4.54,167.3,759.61,4.64
1936,726,0.16,4.52,166.7,752.89,4.65
1937,727,0.15,4.54,166.5,755.98,4.65
1938,730,0.16,4.56,165.2,752.73,4.64
1939,732,0.16,4.54,166,753.71,4.64
1940,735,0.16,4.52,166.1,750.18,4.65
1941,736,0.15,4.54,165.3,750.53,4.64
1942,739,0.16,4.56,164.7,750.45,4.64
1943,741,0.15,4.54,164.9,748.72,4.64
1944,745,0.16,4.56,163.7,745.89,4.64
1945,745,0.15,4.53,164.3,744.68,4.64
1946,746,0.16,4.56,163,742.7,4.64
1947,748,0.16,4.54,163.9,744.18,4.64
1948,749,0.16,4.52,164.4,742.5,4.64
1949,752,0.16,4.53,163.6,741.51,4.64
1950,751,0.16,4.52,163.7,739.34,4.64
1951,753,0.16,4.53,162.5,736.52,4.64
1952,755,0.16,4.52,163.8,739.79,4.64
1953,757,0.16,4.49,164.4,738.55,4.64
1954,758,0.16,4.52,163.6,738.88,4.64
1955,759,0.16,4.53,162.8,737.88,4.64
1956,760,0.16,4.52,163.3,737.53,4.64
1957,786,0.16,4.53,162.4,736.07,4.64
1958,790,0.16,4.52,163.9,740.24,4.64
1959,908,0.16,4.48,157.4,705.84,4.64
1960,804,0.16,5.42,26.9,145.83,7.72
1961,1003,0.16,5.45,19.9,108.52,9.79
1962,1023,0.16,5.48,19.9,109,9.66
1963,1023,0.16,5.5,19.1,105.08,9.55
