0.00,0.04,5.45,507.30,2762,2762.00,4.88
0.00,0.04,5.45,510.10,2777,15.00,4.87
0.00,0.05,5.43,522.70,2838,61.00,4.88
0.00,0.05,5.42,534.30,2894,56.00,4.88
5.00,0.05,5.28,405.90,2179,-715.00,4.79
0.00,0.05,5.25,358.20,1884,-295.00,4.75
0.00,0.05,5.22,342.40,1822,-62.00,4.75
0.00,0.05,4.83,15.20,102,-1720.00,4.51
0.00,0.00,4.76,13.80,66,3.00,4.47
0.00,0.00,4.56,10.20,47,-19.00,3.98
0.00,0.00,4.52,10.40,46,-1.00,3.94
0.00,0.00,4.55,10.50,47,2.00,3.97
0.00,0.00,4.52,10.50,45,-2.00,3.94
0.00,0.00,4.52,10.10,46,1.00,3.94
0.00,0.00,5.37,242.20,1195,1149.00,4.68
0.00,0.00,5.53,403.50,2227,1032.00,4.79
0.00,0.01,5.53,412.40,2279,52.00,4.81
0.00,0.01,5.53,422.90,2333,54.00,4.81
0.00,0.02,5.51,437.50,2409,76.00,4.81
0.00,0.02,5.50,450.10,2474,65.00,4.82
0.00,0.02,5.49,462.30,2533,59.00,4.82
0.00,0.03,5.48,475.10,2601,68.00,4.83
0.00,0.03,5.47,487.30,2655,54.00,4.84
0.00,0.04,5.45,497.00,2714,59.00,4.84
0.00,0.04,5.44,510.50,2771,57.00,4.85
0.00,0.04,5.43,523.30,2838,67.00,4.85
0.00,0.05,5.41,536.30,2899,61.00,4.86
0.00,0.05,5.40,547.00,2952,53.00,4.86
0.00,0.05,5.39,560.00,3018,66.00,4.87
0.00,0.06,5.37,572.70,3077,59.00,4.88
0.00,0.06,5.37,582.90,3125,48.00,4.89
0.00,0.07,5.36,593.40,3175,50.00,4.89
0.00,0.06,5.16,393.40,2027,-1148.00,4.76
0.00,0.07,5.05,250.40,1363,-664.00,4.66
0.00,0.00,3.92,9.90,40,-1323.00,3.80
0.00,0.00,1.61,22.70,28,-12.00,1.03
0.00,0.00,5.40,22.00,118,90.00,4.88
0.00,0.01,5.41,300.20,1610,1492.00,4.71
0.00,0.01,5.46,363.30,1984,374.00,4.76
0.00,0.01,5.45,375.20,2041,-2.00,4.76
0.00,0.01,5.46,364.00,1987,-54.00,4.75
0.00,0.02,5.45,373.90,2036,49.00,4.76
0.00,0.02,5.44,385.20,2092,56.00,4.77
0.00,0.02,5.42,396.60,2149,57.00,4.77
0.00,0.03,5.41,406.50,2196,47.00,4.78
0.00,0.03,5.41,418.10,2258,62.00,4.78
0.00,0.04,5.39,431.30,2322,64.00,4.79
7.00,0.04,5.40,466.00,2504,182.00,4.81
0.00,0.04,5.38,486.20,2613,109.00,4.83
0.00,0.05,5.38,498.90,2677,64.00,4.83
0.00,0.04,5.37,519.70,2792,-13.00,4.85
0.00,0.05,5.38,506.30,2726,-66.00,4.84
0.00,0.05,5.39,537.10,2891,165.00,4.86
0.00,0.05,5.38,552.60,2976,85.00,4.86
0.00,0.06,5.37,564.00,3027,51.00,4.87
10.00,0.05,5.28,489.10,2600,-427.00,4.82
0.00,0.06,5.22,386.90,2016,-584.00,4.75
0.00,0.00,4.60,14.70,62,-1954.00,4.38
0.00,0.00,4.56,9.90,52,-10.00,4.07
0.00,0.00,4.62,10.80,50,-2.00,4.04
0.00,0.00,4.62,10.70,49,-1.00,4.04
0.00,0.00,4.59,10.60,48,-1.00,4.02
0.00,-0.00,5.44,321.70,1760,-90.00,4.72
0.00,0.00,5.49,378.10,2079,319.00,4.76
0.00,-0.00,5.49,376.60,2071,-8.00,4.76
0.00,-0.01,5.49,380.90,2089,18.00,4.75
0.00,-0.00,5.49,373.20,2050,-39.00,4.76
0.00,-0.01,5.51,352.60,1920,-130.00,4.78
0.00,-0.01,5.50,356.60,2005,85.00,4.77
0.00,-0.01,5.50,360.30,1957,-48.00,4.77
0.00,-0.00,5.50,360.30,1974,17.00,4.77
0.00,-0.01,5.51,343.90,1893,-81.00,4.78
0.00,-0.01,5.51,344.60,1900,7.00,4.78
0.00,-0.02,5.51,347.90,1917,17.00,4.78
0.00,-0.01,5.51,343.70,1894,-23.00,4.78
0.00,-0.02,5.52,335.40,1874,-20.00,4.79
0.00,-0.02,5.51,344.90,1899,25.00,4.78
0.00,-0.02,5.51,344.80,1901,2.00,4.78
0.00,-0.03,5.51,343.20,1892,10.00,4.78
0.00,-0.03,5.50,343.50,1893,1.00,4.78
0.00,-0.03,5.50,345.70,1890,-3.00,4.78
0.00,-0.02,5.50,349.90,1927,37.00,4.77
0.00,-0.03,5.49,350.70,1923,-4.00,4.77
0.00,-0.03,5.50,351.80,1933,10.00,4.77
0.00,-0.03,5.49,351.40,1929,-4.00,4.77
0.00,-0.02,5.49,351.50,1932,3.00,4.77
0.00,-0.03,5.49,350.80,1927,-5.00,4.77
0.00,-0.03,5.49,353.70,1941,14.00,4.77
0.00,-0.04,5.49,354.60,1947,6.00,4.77
0.00,-0.04,5.49,355.10,1949,2.00,4.76
0.00,-0.04,5.49,355.70,1950,1.00,4.76
0.00,-0.04,5.49,354.70,1945,-5.00,4.76
0.00,-0.04,5.49,354.10,1943,-2.00,4.76
0.00,-0.04,5.49,354.70,1942,-2.00,4.76
0.00,-0.04,5.49,353.20,1937,-5.00,4.76
0.00,-0.04,5.49,351.40,1925,-12.00,4.76
0.00,-0.04,5.49,351.90,1930,5.00,4.76
0.00,-0.04,5.49,351.50,1927,-3.00,4.76
0.00,-0.04,5.49,352.70,1932,5.00,4.76
0.00,-0.04,5.49,351.00,1928,-4.00,4.76
0.00,-0.04,5.49,349.40,1917,-11.00,4.76
0.00,-0.05,5.49,351.50,1921,4.00,4.76
0.00,-0.05,5.49,350.60,1922,1.00,4.76
0.00,-0.05,5.49,350.10,1918,-4.00,4.76
0.00,-0.05,5.49,346.60,1900,-18.00,4.76
0.00,-0.05,5.50,327.50,1801,-36.00,4.78
0.00,-0.04,5.49,337.20,1871,70.00,4.77
0.00,-0.04,5.49,347.60,1902,31.00,4.76
0.00,-0.04,5.49,339.90,1888,-14.00,4.77
0.00,-0.04,5.49,340.50,1867,-21.00,4.77
0.00,-0.04,5.49,345.70,1894,27.00,4.76
0.00,-0.03,5.49,345.60,1894,0.00,4.76
0.00,-0.03,5.48,351.10,1923,29.00,4.75
0.00,-0.02,5.48,352.90,1931,8.00,4.75
0.00,-0.03,5.48,345.60,1894,-37.00,4.76
0.00,-0.03,5.47,356.20,1952,58.00,4.75
0.00,-0.04,5.48,347.20,1903,30.00,4.76
0.00,-0.04,5.49,350.30,1917,14.00,4.76
0.00,-0.04,5.45,327.90,1784,-133.00,4.74
0.00,0.00,4.64,10.90,51,-1733.00,4.07
0.00,0.00,4.68,11.40,52,1.00,4.10
0.00,0.00,4.65,3.30,55,3.00,4.16
0.00,0.00,5.45,325.30,1539,1484.00,4.75
0.00,0.01,5.50,387.00,2129,590.00,4.79
0.00,0.01,5.50,385.80,2136,7.00,4.79
0.00,0.02,5.49,393.30,2164,28.00,4.81
0.00,0.02,5.49,407.00,2232,68.00,4.82
0.00,0.02,5.48,417.20,2282,50.00,4.83
0.00,0.03,5.46,428.00,2334,52.00,4.83
0.00,0.03,5.45,440.90,2403,69.00,4.84
0.00,0.04,5.45,448.20,2438,35.00,4.85
0.00,0.04,5.43,461.10,2501,63.00,4.86
2.00,0.04,5.42,468.90,2541,40.00,4.86
0.00,0.05,5.41,479.00,2600,59.00,4.87
0.00,0.05,5.41,487.90,2642,42.00,4.88
0.00,0.05,5.39,507.40,2730,88.00,4.88
0.00,0.06,5.38,516.50,2775,45.00,4.89
0.00,0.06,5.37,531.50,2848,73.00,4.89
0.00,0.07,5.34,547.80,2919,71.00,4.89
0.00,0.07,5.33,562.20,2993,74.00,4.90
0.00,0.07,5.32,576.80,3064,71.00,4.90
0.00,0.08,5.32,574.30,3086,22.00,4.93
0.00,0.08,5.29,598.10,3162,76.00,4.92
0.00,0.09,5.28,609.50,3212,50.00,4.92
0.00,0.09,5.26,621.80,3270,58.00,4.93
0.00,0.09,5.25,635.50,3333,63.00,4.93
0.00,0.10,5.24,642.10,3362,29.00,4.95
0.00,0.10,5.23,650.10,3396,40.00,4.96
0.00,0.11,5.21,662.00,3445,49.00,4.96
0.00,0.11,5.19,673.90,3496,51.00,4.96
0.00,0.11,5.17,683.20,3534,38.00,4.97
0.00,0.12,5.17,694.70,3582,48.00,4.97
0.00,0.12,5.15,706.90,3639,57.00,4.98
0.00,0.13,5.13,714.50,3665,26.00,4.99
0.00,0.13,5.12,725.50,3707,42.00,4.98
0.00,0.13,5.10,735.40,3746,39.00,4.99
0.00,0.14,5.08,746.50,3793,47.00,4.99
0.00,0.14,5.07,753.40,3814,21.00,5.00
0.00,0.15,5.06,761.00,3850,36.00,5.01
0.00,0.14,5.08,743.00,3777,-92.00,5.08
0.00,0.14,5.06,752.90,3796,19.00,5.02
0.00,0.14,5.08,746.90,3790,-6.00,5.01
0.00,0.15,5.05,760.80,3845,55.00,5.01
0.00,0.15,5.04,770.50,3877,32.00,5.01
29.00,0.15,5.03,778.00,3912,35.00,5.02
0.00,0.16,5.02,783.10,3924,12.00,5.03
0.00,0.16,4.99,800.00,3988,64.00,5.02
0.00,0.16,4.96,810.30,4020,32.00,5.02
0.00,0.17,4.95,820.20,4060,40.00,5.02
0.00,0.17,4.93,827.30,4073,13.00,5.02
0.00,0.18,4.92,832.00,4091,18.00,5.03
0.00,0.18,4.90,839.20,4112,21.00,5.03
0.00,0.18,4.88,847.80,4138,323.00,5.04
0.00,0.19,4.86,857.30,4167,29.00,5.03
0.00,0.19,4.84,862.80,4180,13.00,5.04
0.00,0.20,4.83,871.30,4207,27.00,5.04
0.00,0.20,4.81,878.90,4226,19.00,5.05
0.00,0.20,4.78,888.70,4254,28.00,5.04
0.00,0.21,4.76,896.80,4265,11.00,5.04
1.00,0.21,4.74,901.70,4272,7.00,5.03
0.00,0.22,4.72,909.50,4297,25.00,5.04
0.00,0.21,4.70,912.30,4288,-9.00,5.04
15.00,0.22,4.72,905.50,4280,-8.00,5.04
0.00,0.22,4.70,913.20,4293,13.00,5.04
121.00,0.22,4.68,918.80,4303,8.00,5.05
101.00,0.23,4.67,925.40,4311,8.00,5.04
116.00,0.23,4.64,929.20,4315,4.00,5.05
129.00,0.23,4.62,933.10,4309,-6.00,5.04
1023.00,0.23,4.37,531.60,2325,-1984.00,4.81
1023.00,0.23,3.70,49.50,180,-2145.00,4.52
1023.00,0.24,3.77,54.10,205,25.00,4.54
1023.00,0.23,3.75,55.40,204,-1.00,4.52
1023.00,0.24,3.72,52.50,198,-6.00,4.52
1023.00,0.23,3.74,50.90,193,-5.00,4.52
1023.00,0.24,3.88,58.50,233,40.00,4.54
1023.00,0.24,3.73,55.30,204,-29.00,4.52
1023.00,0.24,3.72,52.80,197,-7.00,4.52
1023.00,0.23,3.70,50.80,197,0.00,4.52
1023.00,0.23,3.74,51.10,192,-5.00,4.52
133.00,0.23,3.14,31.70,110,-82.00,4.51
1023.00,0.00,0.89,13.90,12,-98.00,0.59
767.00,0.00,4.00,6.60,7,-5.00,3.49
10.00,0.00,5.50,6.00,38,31.00,5.08
131.00,-0.00,5.48,356.10,1953,1915.00,4.75
137.00,0.00,5.48,354.60,1940,-13.00,4.75
133.00,0.00,5.48,354.10,1940,0.00,4.75
131.00,0.01,5.49,367.50,2014,74.00,4.77
133.00,0.01,5.48,370.10,2025,11.00,4.77
132.00,0.02,5.47,381.70,2087,62.00,4.78
130.00,0.02,5.46,393.90,2148,61.00,4.79
131.00,0.02,5.45,405.00,2204,56.00,4.79
133.00,0.03,5.44,417.30,2266,62.00,4.81
128.00,0.03,5.43,427.90,2323,57.00,4.82
128.00,0.04,5.42,440.80,2386,63.00,4.83
128.00,0.04,5.41,451.60,2440,54.00,4.83
135.00,0.04,5.40,462.60,2490,-9.00,4.84
133.00,0.04,5.41,449.50,2425,-65.00,4.83
139.00,0.04,5.39,460.90,2482,57.00,4.84
135.00,0.05,5.38,472.40,2545,63.00,4.84
136.00,0.05,5.37,484.10,2595,50.00,4.85
135.00,0.05,5.36,496.40,2659,64.00,4.86
129.00,0.06,5.35,507.70,2713,54.00,4.86
133.00,0.06,5.33,521.00,2778,65.00,4.87
139.00,0.07,5.32,532.90,2833,55.00,4.87
133.00,0.07,5.31,544.40,2888,55.00,4.88
131.00,0.07,5.29,556.30,2944,56.00,4.89
130.00,0.08,5.29,568.20,3001,57.00,4.90
133.00,0.07,5.27,579.60,3054,-2.00,4.90
139.00,0.08,5.29,566.80,2989,-65.00,4.89
140.00,0.08,5.27,579.10,3052,63.00,4.90
138.00,0.09,5.25,589.10,3095,43.00,4.91
135.00,0.09,5.24,601.30,3148,53.00,4.91
133.00,0.09,5.23,610.90,3195,47.00,4.92
131.00,0.10,5.22,617.90,3225,30.00,4.95
133.00,0.10,5.21,630.90,3285,60.00,4.93
128.00,0.11,5.19,642.50,3335,50.00,4.95
130.00,0.11,5.17,656.40,3397,62.00,4.95
131.00,0.11,5.17,664.20,3426,29.00,4.96
135.00,0.12,5.15,676.10,3480,54.00,4.96
125.00,0.12,5.13,688.60,3534,54.00,4.97
134.00,0.13,5.12,698.90,3576,42.00,4.97
138.00,0.13,5.10,709.20,3615,39.00,4.98
132.00,0.13,5.08,719.40,3659,44.00,4.98
137.00,0.14,5.08,729.50,3701,42.00,4.99
138.00,0.14,5.05,739.70,3736,35.00,4.99
187.00,0.15,5.04,757.50,3815,79.00,5.00
234.00,0.15,5.04,772.20,3891,76.00,5.01
236.00,0.15,5.02,782.90,3929,38.00,5.01
242.00,0.16,5.00,790.80,3954,25.00,5.01
244.00,0.16,4.99,801.70,3995,41.00,5.02
242.00,0.16,4.97,811.00,4024,29.00,5.02
234.00,0.17,4.95,819.00,4052,28.00,5.02
243.00,0.17,4.93,826.10,4077,25.00,5.02
233.00,0.18,4.92,835.40,4108,31.00,5.03
242.00,0.18,4.90,844.50,4133,25.00,5.03
236.00,0.18,4.88,853.90,4164,31.00,5.03
236.00,0.19,4.86,862.10,4189,25.00,5.04
240.00,0.19,4.84,869.80,4214,25.00,5.04
233.00,0.20,4.83,879.00,4240,26.00,5.04
237.00,0.20,4.80,884.20,4251,11.00,5.04
235.00,0.20,4.79,893.70,4282,31.00,5.04
235.00,0.21,4.76,899.50,4285,3.00,5.04
236.00,0.21,4.75,907.10,4305,20.00,5.04
244.00,0.22,4.72,912.60,4310,5.00,5.05
238.00,0.22,4.71,920.00,4327,17.00,5.04
238.00,0.22,4.68,925.70,4340,13.00,5.05
235.00,0.23,4.67,932.70,4353,1.00,5.04
246.00,0.23,4.64,937.50,4355,2.00,5.05
253.00,0.24,4.63,943.40,4365,10.00,5.05
252.00,0.23,4.60,948.30,4361,-4.00,5.05
251.00,0.23,4.63,942.80,4361,0.00,5.05
240.00,0.23,4.64,937.10,4350,-11.00,5.05
243.00,0.24,4.63,942.70,4364,14.00,5.05
247.00,0.23,4.60,947.00,4359,-5.00,5.05
252.00,0.23,4.63,943.20,4365,6.00,5.05
249.00,0.23,4.64,938.50,4356,-9.00,5.05
247.00,0.24,4.63,941.30,4357,1.00,5.05
232.00,0.24,4.60,949.50,4370,13.00,5.05
236.00,0.24,4.59,950.30,4353,-2.00,5.05
308.00,0.23,4.61,946.70,4359,6.00,5.05
290.00,0.23,4.63,942.40,4363,4.00,5.05
289.00,0.23,4.65,935.80,4354,-9.00,5.05
292.00,0.24,4.63,942.10,4357,3.00,5.05
291.00,0.24,4.61,946.40,4358,1.00,5.05
287.00,0.24,4.59,952.50,4370,12.00,5.05
288.00,0.24,4.56,957.20,4369,-1.00,5.05
294.00,0.24,4.59,952.10,4368,-1.00,5.05
294.00,0.24,4.56,954.20,4356,-12.00,5.05
287.00,0.24,4.59,950.50,4359,3.00,5.05
287.00,0.24,4.61,944.60,4350,-9.00,5.05
294.00,0.24,4.59,951.30,4362,12.00,5.05
286.00,0.25,4.56,956.50,4368,6.00,5.05
283.00,0.24,4.55,960.10,4363,-5.00,5.05
285.00,0.25,4.56,954.70,4353,-10.00,5.05
283.00,0.25,4.55,960.20,4366,13.00,5.05
292.00,0.25,4.52,965.20,4367,1.00,5.05
292.00,0.25,4.50,968.50,4358,-9.00,5.05
296.00,0.25,4.52,963.40,4359,1.00,5.05
279.00,0.25,4.54,958.10,4351,-8.00,5.05
289.00,0.25,4.52,963.90,4362,11.00,5.05
288.00,0.25,4.50,967.00,4354,-8.00,5.05
286.00,0.25,4.52,962.70,4357,3.00,5.05
290.00,0.24,4.54,958.90,4357,0.00,5.05
288.00,0.25,4.56,953.10,4349,-8.00,5.05
287.00,0.25,4.54,959.10,4359,10.00,5.05
288.00,0.25,4.52,964.40,4358,-1.00,5.05
292.00,0.25,4.54,958.80,4352,-6.00,5.05
294.00,0.25,4.52,962.60,4346,-15.00,5.05
289.00,0.24,4.54,958.60,4353,7.00,5.04
285.00,0.25,4.56,952.80,4352,-1.00,5.05
293.00,0.25,4.54,959.90,4358,6.00,5.04
295.00,0.25,4.52,963.70,4351,-7.00,5.04
293.00,0.24,4.55,958.60,4352,1.00,5.05
280.00,0.25,4.56,954.10,4346,-6.00,5.04
295.00,0.24,4.53,958.40,4343,-3.00,5.04
292.00,0.24,4.56,953.80,4344,1.00,5.04
290.00,0.24,4.57,947.40,4332,-12.00,5.04
290.00,0.25,4.56,953.70,4346,14.00,5.04
294.00,0.24,4.53,956.90,4337,-9.00,5.04
288.00,0.25,4.56,949.50,4322,-15.00,5.05
288.00,0.25,4.54,956.50,4343,21.00,5.05
291.00,0.25,4.52,961.40,4342,-1.00,5.05
288.00,0.24,4.53,958.20,4349,7.00,5.04
288.00,0.25,4.56,952.00,4340,-9.00,5.05
291.00,0.25,4.53,957.90,4349,9.00,5.04
284.00,0.25,4.52,963.80,4352,3.00,5.04
288.00,0.25,4.49,967.20,4340,-12.00,5.04
308.00,0.25,4.49,932.90,4204,-137.00,5.04
334.00,0.26,4.49,965.40,4335,131.00,5.04
335.00,0.25,4.47,965.20,4313,-22.00,5.03
320.00,0.26,4.49,957.20,4302,-11.00,5.04
339.00,0.26,4.48,966.80,4306,4.00,5.05
326.00,0.27,4.45,973.90,4327,21.00,5.04
336.00,0.27,4.43,977.80,4328,1.00,5.04
334.00,0.27,4.40,979.30,4314,-14.00,5.04
339.00,0.27,4.43,973.20,4305,-9.00,5.04
341.00,0.27,4.40,976.10,4298,-7.00,5.03
335.00,0.26,4.43,973.50,4308,10.00,5.04
336.00,0.27,4.45,968.90,4306,-2.00,5.04
342.00,0.27,4.43,973.30,4308,2.00,5.03
343.00,0.27,4.40,977.10,4302,3.00,5.03
336.00,0.28,4.39,981.10,4304,2.00,5.03
343.00,0.27,4.36,984.20,4297,-7.00,5.03
340.00,0.27,4.38,981.80,4297,0.00,5.03
345.00,0.27,4.40,977.90,4306,9.00,5.04
340.00,0.26,4.43,972.90,4310,4.00,5.04
339.00,0.26,4.45,970.40,4318,8.00,5.03
339.00,0.26,4.47,965.20,4309,-9.00,5.04
342.00,0.27,4.45,970.80,4324,15.00,5.04
341.00,0.26,4.43,972.90,4310,-14.00,5.04
343.00,0.26,4.45,970.10,4319,9.00,5.04
342.00,0.26,4.47,966.10,4315,-4.00,5.04
334.00,0.27,4.45,971.90,4326,11.00,5.03
336.00,0.26,4.43,976.30,4320,-6.00,5.04
335.00,0.27,4.44,970.90,4314,-6.00,5.03
342.00,0.26,4.43,971.20,4295,-19.00,5.04
340.00,0.26,4.45,970.40,4319,24.00,5.04
342.00,0.26,4.47,964.90,4309,-10.00,5.04
345.00,0.27,4.45,969.50,4315,6.00,5.04
344.00,0.26,4.43,972.70,4309,-6.00,5.04
331.00,0.26,4.45,968.80,4312,3.00,5.04
343.00,0.25,4.48,964.90,4319,7.00,5.05
343.00,0.26,4.49,959.20,4313,-6.00,5.04
341.00,0.26,4.48,965.50,4317,4.00,5.05
346.00,0.26,4.45,969.50,4314,-3.00,5.04
340.00,0.25,4.48,964.90,4320,6.00,5.05
336.00,0.25,4.50,962.10,4329,9.00,5.05
339.00,0.25,4.52,957.20,4320,2.00,5.05
338.00,0.25,4.54,950.10,4309,-11.00,5.04
344.00,0.25,4.52,956.70,4322,13.00,5.04
348.00,0.25,4.49,961.80,4319,-3.00,5.04
347.00,0.25,4.52,957.50,4321,2.00,5.04
345.00,0.25,4.53,952.00,4316,-5.00,5.04
345.00,0.25,4.52,955.50,4316,0.00,5.04
343.00,0.26,4.49,962.50,4322,6.00,5.04
338.00,0.26,4.48,965.60,4323,1.00,5.04
342.00,0.27,4.45,973.60,4329,6.00,5.04
345.00,0.26,4.43,973.20,4307,-22.00,5.04
343.00,0.26,4.45,972.30,4326,19.00,5.04
344.00,0.25,4.48,968.60,4336,10.00,5.04
342.00,0.26,4.49,961.90,4322,-14.00,5.04
345.00,0.26,4.48,966.60,4326,4.00,5.04
347.00,0.26,4.45,971.10,4324,-2.00,5.04
339.00,0.25,4.48,968.50,4329,5.00,5.04
341.00,0.26,4.49,963.60,4328,-1.00,5.05
343.00,0.25,4.48,965.30,4320,-8.00,5.05
336.00,0.25,4.49,962.30,4327,7.00,5.05
337.00,0.25,4.52,955.30,4313,-14.00,5.05
339.00,0.26,4.49,960.70,4313,0.00,5.04
337.00,0.26,4.48,966.30,4325,12.00,5.05
328.00,0.26,4.45,970.70,4320,-5.00,5.04
343.00,0.25,4.48,967.60,4330,10.00,5.04
341.00,0.25,4.50,963.00,4334,4.00,5.05
345.00,0.25,4.52,957.70,4326,-8.00,5.05
343.00,0.26,4.50,963.70,4334,8.00,5.05
338.00,0.25,4.48,966.00,4320,-14.00,5.05
335.00,0.26,4.50,960.90,4319,-1.00,5.04
339.00,0.26,4.48,964.90,4321,2.00,5.05
345.00,0.26,4.45,969.20,4319,-2.00,5.04
340.00,0.25,4.48,965.50,4322,3.00,5.05
337.00,0.26,4.49,959.40,4313,-9.00,5.04
338.00,0.26,4.48,968.50,4336,23.00,5.05
336.00,0.26,4.45,969.10,4312,-24.00,5.04
335.00,0.25,4.48,964.00,4315,3.00,5.04
337.00,0.26,4.49,960.30,4312,-3.00,5.04
344.00,0.26,4.48,963.90,4313,1.00,5.04
326.00,0.27,4.45,970.90,4319,6.00,5.04
342.00,0.26,4.43,973.80,4311,-8.00,5.04
350.00,0.26,4.45,970.00,4317,6.00,5.04
349.00,0.25,4.48,965.30,4322,5.00,5.04
332.00,0.25,4.49,962.20,4323,1.00,5.04
344.00,0.25,4.52,956.00,4318,-5.00,5.04
336.00,0.26,4.49,962.50,4324,6.00,5.04
341.00,0.26,4.48,966.30,4327,3.00,5.04
347.00,0.26,4.45,970.60,4322,-5.00,5.04
342.00,0.25,4.48,966.80,4329,7.00,5.05
343.00,0.26,4.49,961.80,4322,-7.00,5.04
345.00,0.26,4.48,967.10,4329,7.00,5.04
335.00,0.26,4.45,972.80,4328,-1.00,5.04
335.00,0.25,4.48,968.20,4333,5.00,5.04
337.00,0.25,4.50,963.20,4333,0.00,5.04
338.00,0.25,4.52,957.20,4324,-9.00,5.04
347.00,0.26,4.51,961.10,4333,9.00,5.06
341.00,0.26,4.48,968.00,4338,5.00,5.05
347.00,0.27,4.46,973.10,4340,2.00,5.05
342.00,0.27,4.44,978.80,4350,10.00,5.05
343.00,0.27,4.12,532.80,2205,-2145.00,4.81
1023.00,0.27,4.01,323.70,1281,-924.00,4.69
1023.00,0.27,3.88,175.90,715,-566.00,4.60
1023.00,0.27,3.85,117.90,456,-259.00,4.57
1023.00,0.27,3.51,55.90,197,-259.00,4.52
1023.00,0.27,3.38,52.80,182,-15.00,4.52
1023.00,0.00,2.55,26.40,66,-116.00,4.28
748.00,0.00,4.35,3.00,11,0.00,3.80
749.00,0.00,4.32,2.80,11,0.00,3.78
730.00,0.00,4.71,1.10,10,-1.00,4.19
44.00,0.00,5.69,-1.20,13,-10.00,5.18
335.00,0.00,5.46,342.60,1869,1856.00,4.76
350.00,0.00,5.46,329.20,1796,-73.00,4.74
343.00,0.01,5.46,342.40,1867,71.00,4.76
346.00,0.01,5.46,347.30,1896,29.00,4.76
347.00,0.02,5.45,360.10,1963,67.00,4.77
346.00,0.02,5.45,371.80,2019,56.00,4.78
352.00,0.02,5.43,383.40,2080,61.00,4.78
348.00,0.03,5.42,396.50,2149,69.00,4.79
350.00,0.03,5.41,408.50,2212,63.00,4.79
352.00,0.04,5.40,421.50,2275,63.00,4.81
356.00,0.04,5.39,434.20,2341,66.00,4.82
351.00,0.04,5.38,446.40,2402,61.00,4.83
348.00,0.05,5.37,459.90,2465,63.00,4.83
347.00,0.05,5.36,472.30,2531,66.00,4.84
351.00,0.05,5.34,484.60,2592,1.00,4.85
346.00,0.06,5.33,497.20,2651,59.00,4.85
354.00,0.06,5.33,508.90,2710,59.00,4.86
351.00,0.07,5.31,521.90,2774,64.00,4.87
352.00,0.07,5.30,533.80,2828,54.00,4.87
347.00,0.07,5.29,547.50,2889,61.00,4.88
342.00,0.08,5.27,559.10,2950,61.00,4.89
352.00,0.08,5.26,571.40,3006,56.00,4.89
343.00,0.09,5.25,584.10,3059,53.00,4.90
341.00,0.09,5.24,597.00,3128,69.00,4.91
341.00,0.09,5.23,610.10,3182,54.00,4.91
347.00,0.09,5.21,622.40,3245,-2.00,4.92
352.00,0.09,5.23,611.60,3197,-48.00,4.91
352.00,0.10,5.21,624.60,3253,56.00,4.92
352.00,0.10,5.21,635.60,3307,54.00,4.93
348.00,0.11,5.19,648.10,3359,52.00,4.95
349.00,0.11,5.18,660.10,3417,58.00,4.95
349.00,0.11,5.17,671.80,3469,52.00,4.96
346.00,0.12,5.16,679.10,3500,31.00,4.97
1023.00,0.11,4.97,483.60,2443,-1057.00,4.83
1023.00,0.12,5.00,483.90,2283,-160.00,4.83
1023.00,0.11,4.66,133.00,602,-1681.00,4.59
1023.00,0.00,3.50,14.40,50,-552.00,3.94
777.00,0.00,4.18,3.00,11,2.00,3.64
780.00,0.00,4.24,2.60,10,-1.00,3.69
51.00,-0.00,5.71,3.90,22,12.00,5.15
368.00,-0.01,5.48,340.30,1859,1837.00,4.75
369.00,-0.00,5.47,339.50,1855,-4.00,4.75
370.00,0.00,5.47,339.90,1858,3.00,4.75
368.00,-0.00,5.47,339.40,1856,-2.00,4.75
371.00,0.00,5.47,338.70,1852,-4.00,4.75
373.00,-0.00,5.47,337.50,1848,-4.00,4.75
370.00,0.00,5.47,337.50,1845,-3.00,4.75
371.00,0.00,5.47,337.60,1845,0.00,4.75
373.00,0.01,5.47,349.90,1914,69.00,4.76
364.00,0.01,5.47,353.40,1935,21.00,4.77
366.00,0.02,5.46,365.80,1997,62.00,4.77
364.00,0.02,5.45,376.60,2052,55.00,4.78
359.00,0.02,5.44,388.60,2110,58.00,4.79
364.00,0.03,5.43,400.20,2174,64.00,4.79
369.00,0.03,5.42,412.20,2228,54.00,4.81
371.00,0.04,5.41,424.40,2294,66.00,4.82
370.00,0.04,5.40,437.20,2360,66.00,4.82
373.00,0.04,5.38,448.70,2413,53.00,4.83
359.00,0.05,5.37,462.10,2482,69.00,4.84
366.00,0.05,5.37,473.90,2540,58.00,4.84
370.00,0.05,5.35,485.50,2596,56.00,4.85
369.00,0.06,5.33,497.40,2650,54.00,4.85
363.00,0.06,5.33,508.40,2707,57.00,4.86
366.00,0.07,5.31,521.00,2765,58.00,4.87
371.00,0.07,5.30,533.40,2828,63.00,4.88
373.00,0.07,5.29,545.40,2882,54.00,4.88
366.00,0.08,5.28,557.40,2942,60.00,4.89
372.00,0.08,5.26,568.70,2994,52.00,4.89
372.00,0.09,5.25,582.60,3054,60.00,4.90
365.00,0.09,5.24,592.40,3105,51.00,4.91
362.00,0.09,5.22,605.20,3157,52.00,4.91
375.00,0.10,5.21,615.80,3207,50.00,4.92
367.00,0.10,5.20,629.10,3263,56.00,4.92
364.00,0.11,5.18,637.00,3298,35.00,4.93
366.00,0.11,5.17,647.80,3348,50.00,4.93
363.00,0.11,5.16,659.80,3402,54.00,4.95
376.00,0.12,5.14,669.60,3442,40.00,4.95
374.00,0.12,5.13,682.90,3496,54.00,4.96
373.00,0.13,5.12,695.00,3549,53.00,4.97
373.00,0.13,5.10,704.00,3580,31.00,4.97
361.00,0.13,5.08,714.80,3632,52.00,4.97
366.00,0.14,5.07,725.40,3676,44.00,4.98
363.00,0.14,5.05,735.50,3715,39.00,4.98
366.00,0.15,5.04,747.10,3762,47.00,4.99
374.00,0.15,5.02,756.50,3796,34.00,4.99
369.00,0.15,5.00,765.80,3831,35.00,5.00
370.00,0.16,4.99,776.60,3867,36.00,5.00
370.00,0.15,4.97,783.70,3902,-4.00,5.00
357.00,0.16,4.99,775.30,3867,-35.00,5.00
370.00,0.16,4.97,785.50,3905,38.00,5.00
373.00,0.16,4.96,796.40,3944,39.00,5.01
375.00,0.17,4.94,805.20,3976,32.00,5.01
367.00,0.16,4.56,336.80,1542,-2434.00,4.71
375.00,0.16,4.59,345.00,1576,34.00,4.72
372.00,0.16,4.68,426.30,1985,409.00,4.77
372.00,0.16,4.64,360.30,1680,-305.00,4.73
377.00,0.16,4.54,262.10,1197,-483.00,4.66
375.00,0.16,4.56,253.80,1158,-39.00,4.66
369.00,0.16,4.65,402.40,1861,703.00,4.76
371.00,0.17,4.64,413.10,1918,113.00,4.76
376.00,0.16,4.61,403.70,1866,-52.00,4.75
375.00,0.16,4.65,418.00,1942,76.00,4.76
376.00,0.16,4.67,416.90,1938,-4.00,4.76
376.00,0.16,4.62,379.50,1753,-185.00,4.74
375.00,0.16,4.61,345.90,1597,-156.00,4.72
369.00,0.17,4.63,389.80,1806,209.00,4.75
372.00,0.17,4.64,424.20,1977,171.00,4.77
1023.00,0.17,4.42,165.20,784,-1193.00,4.60
378.00,0.17,4.29,50.80,218,-566.00,4.54
375.00,0.16,4.52,282.00,1279,1061.00,4.68
379.00,0.16,4.62,380.80,1713,434.00,4.74
374.00,0.16,4.64,383.70,1801,-623.00,4.74
375.00,0.16,4.55,292.00,1369,-432.00,4.69
378.00,0.16,4.50,205.80,936,-433.00,4.63
377.00,0.17,4.56,304.30,1389,453.00,4.70
375.00,0.17,4.60,373.10,1727,338.00,4.74
373.00,0.17,4.49,273.80,1233,-494.00,4.68
381.00,0.16,4.56,336.00,1513,280.00,4.71
897.00,0.17,4.47,197.20,896,-617.00,4.62
1023.00,0.17,4.31,55.60,240,-656.00,4.54
1023.00,0.17,4.33,57.10,245,5.00,4.54
850.00,0.16,4.52,284.50,1298,1053.00,4.68
373.00,0.16,4.59,335.20,1534,236.00,4.71
376.00,0.16,4.56,284.40,1281,-253.00,4.68
373.00,0.17,4.76,558.70,2572,1086.00,4.85
378.00,0.16,4.59,369.70,1709,-863.00,4.73
379.00,0.16,4.68,453.00,2114,405.00,4.78
377.00,0.16,4.66,405.90,1879,-235.00,4.76
382.00,0.16,4.43,136.60,585,-1294.00,4.59
380.00,0.17,4.44,158.30,716,131.00,4.60
371.00,0.17,4.70,510.30,2399,1683.00,4.82
381.00,0.17,4.63,450.80,2079,-320.00,4.78
375.00,0.16,4.68,478.30,2238,159.00,4.79
370.00,0.16,4.71,491.40,2310,72.00,4.81
380.00,0.16,4.72,481.30,2273,-37.00,4.81
378.00,0.16,4.60,354.10,1624,-649.00,4.72
375.00,0.16,4.64,370.10,1696,72.00,4.74
376.00,0.15,4.68,407.60,1901,205.00,4.76
366.00,0.15,4.73,441.60,2086,185.00,4.78
374.00,0.15,4.44,101.30,449,-1010.00,4.57
372.00,0.16,5.02,815.40,4092,3643.00,5.02
371.00,0.16,5.00,824.20,4125,33.00,5.02
373.00,0.16,4.99,836.60,4173,48.00,5.03
372.00,0.17,4.97,846.60,4208,35.00,5.03
372.00,0.17,4.95,850.90,4208,0.00,5.03
361.00,0.18,4.93,860.10,4241,33.00,5.04
366.00,0.18,4.92,867.00,4260,19.00,5.04
373.00,0.18,4.89,875.70,4278,18.00,5.04
360.00,0.19,4.88,884.00,4309,31.00,5.04
368.00,0.19,4.86,889.50,4318,9.00,5.04
371.00,0.19,4.84,892.10,4313,-5.00,5.04
360.00,0.19,4.85,885.80,4298,-15.00,5.04
361.00,0.20,4.84,894.10,4318,20.00,5.04
361.00,0.20,4.81,897.40,4320,2.00,5.04
364.00,0.20,4.80,907.90,4351,31.00,5.04
372.00,0.21,4.77,915.20,4367,16.00,5.04
376.00,0.20,4.76,916.60,4356,-11.00,5.04
377.00,0.21,4.77,911.70,4354,-2.00,5.04
376.00,0.21,4.76,918.30,4367,13.00,5.05
374.00,0.22,4.73,927.10,4385,18.00,5.05
369.00,0.22,4.72,932.40,4401,16.00,5.05
367.00,0.22,4.70,940.00,4411,10.00,5.05
372.00,0.23,4.68,944.20,4412,1.00,5.05
372.00,0.23,4.65,951.80,4431,19.00,5.05
372.00,0.23,4.64,955.10,4428,-3.00,5.05
370.00,0.23,4.65,950.20,4422,-6.00,5.05
372.00,0.24,4.64,955.10,4425,3.00,5.05
366.00,0.23,4.61,959.50,4424,-1.00,5.05
366.00,0.23,4.64,954.90,4425,1.00,5.05
363.00,0.23,4.65,947.50,4408,-17.00,5.05
364.00,0.24,4.64,954.30,4421,13.00,5.05
363.00,0.24,4.61,959.80,4425,4.00,5.05
362.00,0.24,4.60,964.40,4430,5.00,5.05
358.00,0.24,4.57,968.00,4428,-2.00,5.05
376.00,0.24,4.59,961.60,4408,-20.00,5.05
370.00,0.25,4.57,969.50,4429,21.00,5.05
369.00,0.24,4.26,536.30,2304,-2125.00,4.81
377.00,0.25,4.08,252.80,1014,-1290.00,4.64
378.00,0.25,4.07,259.40,1020,6.00,4.64
375.00,0.25,4.24,523.30,2217,1197.00,4.79
368.00,0.26,4.32,682.30,2908,691.00,4.88
377.00,0.25,4.01,267.10,1126,-1782.00,4.64
380.00,0.26,3.59,58.80,210,-916.00,4.52
376.00,0.25,3.94,167.10,628,418.00,4.59
364.00,0.25,4.53,979.30,4440,3812.00,5.05
367.00,0.25,4.52,914.60,4139,-301.00,5.02
366.00,0.25,4.53,977.90,4431,292.00,5.05
364.00,0.25,4.51,981.10,4421,-10.00,5.04
368.00,0.25,4.53,977.40,4426,5.00,5.04
367.00,0.25,4.55,970.80,4413,-13.00,5.04
369.00,0.25,4.52,974.20,4408,-5.00,5.04
365.00,0.24,4.55,971.70,4420,12.00,5.04
374.00,0.24,4.57,967.00,4425,5.00,5.04
358.00,0.24,4.59,964.00,4422,-3.00,5.04
374.00,0.25,4.57,968.90,4427,5.00,5.05
375.00,0.25,4.54,975.80,4441,14.00,5.05
373.00,0.25,4.52,978.90,4430,-11.00,5.04
373.00,0.24,4.55,975.30,4435,5.00,5.04
372.00,0.25,4.57,970.00,4431,-4.00,5.04
360.00,0.25,4.55,977.90,4455,24.00,5.05
374.00,0.25,4.53,982.30,4446,-9.00,5.05
363.00,0.24,4.55,978.40,4452,6.00,5.05
364.00,0.25,4.57,971.80,4444,-8.00,5.05
364.00,0.25,4.56,976.50,4452,8.00,5.05
365.00,0.25,4.53,979.00,4439,-13.00,5.05
369.00,0.24,4.55,976.10,4448,9.00,5.05
369.00,0.25,4.57,972.40,4442,-6.00,5.05
374.00,0.25,4.56,976.90,4449,7.00,5.05
367.00,0.25,4.53,980.50,4446,-3.00,5.05
381.00,0.25,4.55,973.90,4433,-13.00,5.06
376.00,0.25,4.53,980.80,4444,11.00,5.05
379.00,0.25,4.51,983.60,4431,-13.00,5.05
379.00,0.25,4.53,979.90,4442,11.00,5.05
376.00,0.25,4.55,975.30,4436,-6.00,5.05
374.00,0.25,4.53,980.30,4441,5.00,5.05
374.00,0.25,4.51,982.90,4428,-13.00,5.05
377.00,0.25,4.53,978.70,4438,10.00,5.05
379.00,0.24,4.56,975.70,4441,3.00,5.05
376.00,0.25,4.58,970.70,4437,-4.00,5.05
371.00,0.25,4.56,977.10,4450,13.00,5.06
373.00,0.25,4.53,978.80,4434,-2.00,5.05
380.00,0.24,4.56,974.90,4438,4.00,5.05
379.00,0.25,4.57,968.30,4426,-12.00,5.05
381.00,0.25,4.56,973.00,4434,8.00,5.05
363.00,0.25,4.53,977.60,4430,-4.00,5.05
377.00,0.24,4.56,974.00,4439,9.00,5.05
373.00,0.25,4.58,969.90,4438,-1.00,5.05
373.00,0.25,4.56,975.40,4443,5.00,5.05
379.00,0.25,4.53,976.10,4429,-14.00,5.05
376.00,0.24,4.56,975.10,4439,10.00,5.05
373.00,0.25,4.57,968.90,4429,-10.00,5.05
372.00,0.25,4.56,974.50,4439,10.00,5.05
377.00,0.25,4.53,978.10,4429,-10.00,5.05
367.00,0.24,4.56,974.60,4441,12.00,5.05
373.00,0.25,4.57,969.40,4434,-7.00,5.05
379.00,0.24,4.55,970.90,4420,-14.00,5.05
370.00,0.24,4.57,966.90,4421,1.00,5.05
368.00,0.24,4.60,965.30,4433,12.00,5.05
366.00,0.24,4.61,959.00,4423,-10.00,5.05
368.00,0.24,4.60,967.30,4441,18.00,5.05
381.00,0.24,4.57,969.30,4431,-10.00,5.05
378.00,0.24,4.60,962.70,4413,-18.00,5.05
377.00,0.25,4.57,968.40,4426,13.00,5.05
377.00,0.24,4.55,971.30,4421,-5.00,5.05
379.00,0.24,4.57,967.40,4422,1.00,5.05
379.00,0.24,4.59,961.00,4405,-17.00,5.05
382.00,0.25,4.57,966.80,4418,13.00,5.05
381.00,0.25,4.55,971.80,4419,1.00,5.05
376.00,0.25,4.53,976.60,4423,4.00,5.05
373.00,0.25,4.50,980.20,4417,-6.00,5.05
376.00,0.25,4.52,975.70,4412,-5.00,5.05
378.00,0.26,4.51,979.50,4419,7.00,5.05
378.00,0.25,4.48,982.90,4408,-11.00,5.05
381.00,0.25,4.51,980.60,4417,9.00,5.05
375.00,0.25,4.52,975.20,4415,-2.00,5.05
378.00,0.25,4.51,979.20,4414,-1.00,5.05
381.00,0.25,4.53,975.40,4419,5.00,5.05
380.00,0.25,4.55,971.00,4414,-5.00,5.05
373.00,0.25,4.53,976.70,4425,11.00,5.05
374.00,0.25,4.51,979.20,4415,-10.00,5.05
378.00,0.25,4.53,976.30,4420,5.00,5.05
372.00,0.25,4.55,970.40,4415,-5.00,5.05
372.00,0.25,4.53,975.20,4413,-2.00,5.05
373.00,0.25,4.55,969.70,4411,-2.00,5.05
370.00,0.25,4.53,974.80,4413,2.00,5.05
378.00,0.25,4.51,978.50,4410,-3.00,5.05
380.00,0.25,4.52,972.60,4404,-6.00,5.05
377.00,0.26,4.51,980.00,4418,14.00,5.05
383.00,0.25,4.48,982.60,4401,-17.00,5.05
381.00,0.25,4.51,978.70,4408,7.00,5.05
376.00,0.25,4.52,974.10,4408,0.00,5.05
372.00,0.24,4.55,970.40,4410,2.00,5.05
382.00,0.25,4.57,964.20,4402,-8.00,5.05
380.00,0.25,4.55,970.20,4414,12.00,5.05
376.00,0.25,4.52,972.90,4400,-14.00,5.05
375.00,0.24,4.55,967.60,4402,2.00,5.05
373.00,0.24,4.56,964.00,4399,1.00,5.05
380.00,0.24,4.59,960.30,4405,6.00,5.05
381.00,0.23,4.61,955.40,4407,2.00,5.05
379.00,0.24,4.63,950.50,4398,-9.00,5.05
384.00,0.24,4.61,955.30,4410,12.00,5.05
380.00,0.24,4.59,963.40,4415,5.00,5.05
379.00,0.25,4.57,965.50,4416,1.00,5.05
374.00,0.25,4.55,973.30,4428,12.00,5.05
385.00,0.25,4.52,973.10,4406,-22.00,5.04
384.00,0.24,4.55,971.70,4409,3.00,5.05
378.00,0.24,4.57,966.80,4419,10.00,5.05
377.00,0.24,4.59,962.80,4416,-3.00,5.05
383.00,0.25,4.57,965.40,4416,0.00,5.05
375.00,0.24,4.55,968.90,4408,-8.00,5.05
372.00,0.24,4.57,968.40,4423,15.00,5.05
373.00,0.24,4.59,959.60,4402,-21.00,5.05
378.00,0.25,4.57,965.00,4412,10.00,5.05
385.00,0.24,4.55,968.80,4408,-4.00,5.05
381.00,0.25,4.57,963.70,4404,-4.00,5.05
385.00,0.25,4.55,970.00,4409,5.00,5.05
387.00,0.25,4.52,972.90,4400,-9.00,5.05
386.00,0.24,4.55,967.50,4400,0.00,5.05
385.00,0.25,4.57,963.20,4397,-3.00,5.05
378.00,0.25,4.55,969.20,4405,8.00,5.05
384.00,0.25,4.52,974.90,4407,2.00,5.05
381.00,0.26,4.50,978.50,4409,2.00,5.05
379.00,0.25,4.48,980.40,4394,-15.00,5.05
372.00,0.25,4.51,976.50,4399,5.00,5.05
381.00,0.25,4.52,972.40,4399,0.00,5.05
372.00,0.24,4.55,968.80,4403,4.00,5.05
371.00,0.24,4.57,964.80,4410,7.00,5.05
368.00,0.24,4.59,958.00,4394,-16.00,5.05
382.00,0.24,4.57,962.20,4402,-5.00,5.05
386.00,0.24,4.60,959.90,4407,5.00,5.05
384.00,0.24,4.61,952.80,4394,-13.00,5.05
384.00,0.24,4.59,958.80,4397,3.00,5.05
382.00,0.24,4.57,962.10,4393,-4.00,5.05
382.00,0.24,4.59,957.30,4389,-4.00,5.05
380.00,0.25,4.57,962.10,4394,5.00,5.05
380.00,0.25,4.55,967.00,4395,1.00,5.05
377.00,0.25,4.53,971.40,4396,1.00,5.05
373.00,0.25,4.51,973.60,4389,-7.00,5.05
366.00,0.25,4.52,970.20,4390,1.00,5.05
381.00,0.25,4.55,963.40,4381,-9.00,5.05
375.00,0.25,4.52,967.50,4378,-3.00,5.05
375.00,0.24,4.55,965.00,4390,12.00,5.05
379.00,0.25,4.56,958.90,4376,-14.00,5.05
386.00,0.24,4.55,963.70,4384,-1.00,5.05
381.00,0.25,4.57,959.60,4382,-2.00,5.05
385.00,0.24,4.55,962.80,4376,-6.00,5.05
381.00,0.24,4.57,958.80,4378,2.00,5.05
383.00,0.24,4.59,952.60,4368,-10.00,5.05
382.00,0.25,4.56,957.50,4372,4.00,5.05
373.00,0.25,4.54,962.60,4380,8.00,5.05
384.00,0.25,4.52,965.90,4371,-9.00,5.05
387.00,0.24,4.55,961.40,4374,3.00,5.05
377.00,0.25,4.57,956.80,4368,-6.00,5.05
378.00,0.25,4.55,961.20,4370,2.00,5.05
379.00,0.25,4.52,965.10,4365,-1.00,5.05
375.00,0.25,4.55,959.50,4364,-1.00,5.05
386.00,0.25,4.52,965.10,4366,2.00,5.05
389.00,0.25,4.50,966.00,4346,-20.00,5.04
385.00,0.25,4.52,964.80,4363,17.00,5.05
370.00,0.25,4.55,959.70,4361,-2.00,5.05
380.00,0.25,4.52,964.40,4363,2.00,5.05
382.00,0.25,4.50,969.30,4361,-2.00,5.05
385.00,0.25,4.52,964.40,4363,2.00,5.05
386.00,0.25,4.55,960.50,4361,-2.00,5.05
375.00,0.25,4.52,964.60,4363,2.00,5.05
383.00,0.26,4.50,969.90,4364,1.00,5.05
378.00,0.26,4.48,974.50,4368,4.00,5.05
380.00,0.26,4.46,978.60,4365,-3.00,5.04
375.00,0.26,4.48,974.50,4360,-5.00,5.05
374.00,0.27,4.46,980.00,4368,8.00,5.05
385.00,0.26,4.44,981.30,4350,-18.00,5.04
371.00,0.26,4.46,979.20,4367,17.00,5.04
385.00,0.26,4.48,973.30,4357,-10.00,5.04
386.00,0.27,4.46,979.10,4370,13.00,5.04
388.00,0.26,4.44,983.40,4359,-11.00,5.05
381.00,0.26,4.46,978.60,4364,5.00,5.04
381.00,0.26,4.48,973.20,4358,-6.00,5.04
382.00,0.27,4.46,978.90,4364,6.00,5.04
385.00,0.26,4.44,981.30,4350,-14.00,5.04
387.00,0.26,4.46,978.10,4359,9.00,5.04
379.00,0.25,4.48,975.10,4369,10.00,5.05
379.00,0.26,4.50,970.00,4362,-7.00,5.05
379.00,0.25,4.48,975.40,4375,-2.00,5.04
384.00,0.26,4.50,971.60,4371,-4.00,5.04
389.00,0.25,4.48,974.30,4363,-8.00,5.04
375.00,0.25,4.50,970.70,4364,1.00,5.04
387.00,0.25,4.52,967.20,4376,12.00,5.05
391.00,0.25,4.54,960.20,4360,-16.00,5.05
381.00,0.25,4.52,965.00,4367,7.00,5.04
380.00,0.26,4.50,970.30,4368,1.00,5.05
386.00,0.25,4.48,974.10,4356,-12.00,5.04
383.00,0.25,4.50,967.40,4356,0.00,5.04
374.00,0.25,4.52,968.00,4377,21.00,5.05
378.00,0.25,4.54,960.90,4363,-14.00,5.04
377.00,0.25,4.52,965.30,4367,4.00,5.04
388.00,0.25,4.49,968.50,4360,-7.00,5.05
386.00,0.25,4.52,964.20,4364,4.00,5.04
385.00,0.24,4.54,963.40,4382,18.00,5.05
386.00,0.25,4.56,958.00,4373,-9.00,5.05
377.00,0.24,4.54,959.30,4353,-20.00,5.04
391.00,0.24,4.56,954.00,4356,3.00,5.04
380.00,0.24,4.58,952.20,4364,8.00,5.05
391.00,0.24,4.60,945.40,4349,-15.00,5.04
387.00,0.24,4.58,946.10,4329,-20.00,5.04
379.00,0.23,4.60,946.50,4355,26.00,5.05
387.00,0.24,4.63,939.10,4345,-10.00,5.04
392.00,0.24,4.60,946.20,4352,7.00,5.06
384.00,0.24,4.59,949.30,4351,-1.00,5.05
384.00,0.23,4.61,948.40,4364,13.00,5.05
390.00,0.24,4.63,940.20,4345,-19.00,5.04
384.00,0.24,4.60,946.40,4356,11.00,5.05
381.00,0.24,4.59,951.90,4369,13.00,5.05
374.00,0.25,4.56,958.50,4373,4.00,5.05
379.00,0.25,4.55,962.20,4375,2.00,5.05
386.00,0.25,4.52,967.50,4378,3.00,5.05
390.00,0.25,4.50,969.30,4364,-14.00,5.04
380.00,0.25,4.52,968.10,4377,13.00,5.05
376.00,0.24,4.55,962.90,4380,3.00,5.04
392.00,0.25,4.56,955.70,4367,-13.00,5.05
388.00,0.25,4.55,963.00,4384,17.00,5.05
388.00,0.25,4.52,970.10,4383,-1.00,5.05
390.00,0.24,4.55,964.30,4389,6.00,5.04
382.00,0.25,4.57,960.40,4384,-5.00,5.05
385.00,0.24,4.55,964.20,4382,-2.00,5.05
390.00,0.24,4.57,959.90,4382,0.00,5.05
388.00,0.24,4.59,955.40,4384,2.00,5.05
387.00,0.24,4.61,948.30,4373,-11.00,5.05
383.00,0.24,4.59,955.10,4382,9.00,5.05
376.00,0.25,4.57,960.40,4386,6.00,5.05
385.00,0.24,4.55,963.60,4380,-6.00,5.05
380.00,0.24,4.57,960.50,4385,5.00,5.05
378.00,0.24,4.59,955.30,4381,-4.00,5.05
385.00,0.25,4.56,962.80,4397,16.00,5.05
388.00,0.24,4.55,966.40,4391,-6.00,5.05
387.00,0.24,4.57,961.90,4392,1.00,5.05
389.00,0.24,4.59,957.00,4387,-5.00,5.05
390.00,0.25,4.57,962.20,4392,5.00,5.05
382.00,0.25,4.55,966.40,4392,0.00,5.05
381.00,0.25,4.52,970.10,4386,-6.00,5.05
372.00,0.24,4.55,964.30,4388,2.00,5.05
388.00,0.25,4.57,960.70,4382,-6.00,5.05
383.00,0.25,4.55,966.70,4397,15.00,5.05
390.00,0.25,4.52,969.40,4387,-10.00,5.05
387.00,0.24,4.54,965.10,4390,3.00,5.05
380.00,0.25,4.56,958.40,4376,-14.00,5.05
381.00,0.25,4.55,963.90,4384,8.00,5.05
380.00,0.25,4.52,969.00,4380,5.00,5.05
387.00,0.26,4.50,974.60,4394,14.00,5.05
389.00,0.25,4.48,977.50,4386,-8.00,5.04
388.00,0.26,4.50,972.80,4379,-7.00,5.05
386.00,0.26,4.48,978.20,4385,6.00,5.05
378.00,0.26,4.46,981.70,4376,-9.00,5.04
380.00,0.25,4.48,977.50,4381,5.00,5.05
391.00,0.26,4.49,970.60,4369,-12.00,5.05
381.00,0.26,4.48,976.30,4376,7.00,5.05
390.00,0.26,4.46,980.10,4368,-8.00,5.05
387.00,0.25,4.48,974.80,4377,9.00,5.04
387.00,0.26,4.50,970.00,4371,-6.00,5.04
389.00,0.25,4.48,974.20,4370,-1.00,5.05
388.00,0.25,4.50,971.50,4372,2.00,5.05
393.00,0.25,4.52,967.40,4374,2.00,5.05
384.00,0.24,4.55,962.40,4378,4.00,5.05
382.00,0.25,4.56,956.10,4365,-13.00,5.05
388.00,0.25,4.54,962.40,4376,11.00,5.05
377.00,0.25,4.52,968.50,4378,2.00,5.05
384.00,0.25,4.51,972.60,4377,-1.00,5.05
391.00,0.25,4.52,963.30,4359,-18.00,5.05
388.00,0.26,4.50,971.60,4378,19.00,5.05
381.00,0.26,4.48,977.30,4378,0.00,5.05
389.00,0.26,4.46,976.40,4354,-24.00,5.04
386.00,0.26,4.48,974.10,4364,-6.00,5.05
392.00,0.27,4.46,980.30,4373,9.00,5.04
390.00,0.26,4.44,985.00,4367,-6.00,5.04
394.00,0.27,4.46,978.00,4363,-4.00,5.04
385.00,0.26,4.44,982.00,4360,-3.00,5.04
380.00,0.26,4.46,978.20,4366,6.00,5.04
391.00,0.26,4.48,973.60,4357,-9.00,5.04
392.00,0.27,4.46,978.70,4364,7.00,5.04
392.00,0.26,4.44,981.90,4354,-10.00,5.04
386.00,0.26,4.46,978.50,4364,10.00,5.04
391.00,0.26,4.47,972.50,4353,-11.00,5.04
386.00,0.27,4.46,978.40,4366,13.00,5.05
383.00,0.26,4.44,983.20,4362,-4.00,5.04
390.00,0.27,4.46,976.20,4357,-5.00,5.04
394.00,0.26,4.44,978.80,4343,-14.00,5.04
394.00,0.26,4.46,976.30,4356,13.00,5.04
387.00,0.26,4.48,973.40,4354,-2.00,5.04
384.00,0.27,4.46,977.10,4357,3.00,5.05
384.00,0.26,4.44,980.50,4348,-9.00,5.04
383.00,0.26,4.46,977.50,4356,8.00,5.04
386.00,0.26,4.48,973.70,4353,-3.00,5.04
389.00,0.27,4.46,977.70,4365,12.00,5.04
396.00,0.26,4.44,980.80,4351,-14.00,5.04
389.00,0.27,4.45,975.70,4345,-6.00,5.04
395.00,0.26,4.44,979.50,4344,-1.00,5.04
380.00,0.26,4.46,975.50,4351,7.00,5.04
398.00,0.26,4.48,971.40,4344,-7.00,5.04
400.00,0.26,4.46,973.60,4336,-8.00,5.04
393.00,0.25,4.48,972.10,4346,10.00,5.04
395.00,0.25,4.50,966.30,4348,2.00,5.04
392.00,0.25,4.52,960.70,4337,-11.00,5.04
380.00,0.26,4.50,964.40,4342,5.00,5.04
395.00,0.25,4.48,968.80,4338,-4.00,5.04
394.00,0.25,4.50,964.00,4338,0.00,5.04
398.00,0.25,4.52,962.00,4344,6.00,5.04
389.00,0.24,4.54,956.70,4345,1.00,5.04
392.00,0.25,4.56,951.70,4344,-1.00,5.04
395.00,0.24,4.54,955.50,4340,-4.00,5.04
386.00,0.24,4.56,951.60,4342,2.00,5.04
391.00,0.24,4.58,946.10,4335,-7.00,5.04
386.00,0.25,4.56,951.60,4341,6.00,5.04
394.00,0.24,4.54,956.20,4340,-1.00,5.04
395.00,0.24,4.56,952.90,4346,6.00,5.04
397.00,0.24,4.58,947.70,4337,-9.00,5.04
390.00,0.25,4.56,951.80,4343,6.00,5.04
393.00,0.24,4.54,955.00,4337,-6.00,5.04
397.00,0.24,4.56,950.40,4339,2.00,5.05
392.00,0.24,4.58,946.70,4334,-5.00,5.04
388.00,0.25,4.56,952.00,4344,10.00,5.05
394.00,0.24,4.54,956.40,4342,-2.00,5.05
390.00,0.24,4.56,952.20,4345,3.00,5.04
401.00,0.24,4.58,946.80,4337,-8.00,5.04
402.00,0.25,4.56,951.50,4342,5.00,5.04
388.00,0.24,4.54,956.00,4340,-2.00,5.04
404.00,0.25,4.56,950.80,4338,-2.00,5.04
404.00,0.25,4.54,957.30,4344,6.00,5.04
398.00,0.25,4.52,961.40,4344,0.00,5.04
396.00,0.25,4.50,964.00,4338,-6.00,5.04
396.00,0.25,4.52,959.90,4333,-5.00,5.04
398.00,0.26,4.50,963.90,4339,6.00,5.04
400.00,0.25,4.48,968.10,4332,-7.00,5.04
399.00,0.25,4.50,964.80,4341,9.00,5.04
403.00,0.25,4.52,960.10,4332,-9.00,5.04
398.00,0.26,4.50,964.90,4339,7.00,5.04
401.00,0.26,4.48,969.30,4340,1.00,5.04
403.00,0.26,4.45,973.30,4332,-8.00,5.04
392.00,0.25,4.48,969.40,4338,6.00,5.04
397.00,0.25,4.50,965.20,4340,2.00,5.04
394.00,0.25,4.52,961.20,4347,7.00,5.04
400.00,0.25,4.54,956.00,4343,-4.00,5.04
404.00,0.25,4.52,959.60,4334,-9.00,5.04
403.00,0.24,4.54,956.40,4343,9.00,5.04
400.00,0.25,4.56,951.30,4342,-1.00,5.04
385.00,0.24,4.54,955.00,4337,-5.00,5.04
402.00,0.24,4.56,952.60,4343,6.00,5.04
403.00,0.24,4.58,947.30,4338,-5.00,5.04
401.00,0.25,4.56,952.90,4349,11.00,5.04
405.00,0.24,4.54,956.70,4344,-5.00,5.04
401.00,0.25,4.56,952.30,4343,-1.00,5.04
401.00,0.25,4.54,958.40,4351,8.00,5.04
400.00,0.25,4.52,962.30,4355,4.00,5.05
405.00,0.25,4.50,963.70,4341,-14.00,5.04
391.00,0.25,4.52,964.40,4365,24.00,5.04
399.00,0.25,4.54,959.60,4356,-9.00,5.05
391.00,0.25,4.52,963.90,4363,7.00,5.04
392.00,0.25,4.50,969.30,4362,-1.00,5.05
392.00,0.25,4.52,964.90,4365,3.00,5.04
397.00,0.25,4.54,961.50,4364,-1.00,5.04
393.00,0.25,4.52,966.10,4367,3.00,5.04
390.00,0.25,4.50,969.80,4360,-7.00,5.04
386.00,0.25,4.52,965.60,4370,10.00,5.04
395.00,0.25,4.54,961.90,4369,-1.00,5.04
398.00,0.25,4.52,966.50,4372,3.00,5.04
401.00,0.25,4.50,971.20,4371,-1.00,5.04
398.00,0.25,4.52,966.90,4375,4.00,5.04
382.00,0.25,4.55,963.60,4371,-4.00,5.04
400.00,0.25,4.52,966.50,4374,3.00,5.04
401.00,0.25,4.50,971.30,4371,-3.00,5.04
397.00,0.25,4.52,967.00,4378,7.00,5.04
397.00,0.24,4.55,962.70,4378,0.00,5.04
391.00,0.25,4.56,958.00,4372,-6.00,5.05
398.00,0.24,4.55,961.40,4367,-5.00,5.04
400.00,0.24,4.56,956.90,4368,1.00,5.04
403.00,0.24,4.59,950.80,4353,-15.00,5.04
396.00,0.25,4.56,955.10,4360,7.00,5.04
402.00,0.25,4.55,960.80,4366,6.00,5.05
396.00,0.25,4.52,965.00,4364,-2.00,5.04
395.00,0.24,4.54,960.70,4369,5.00,5.04
402.00,0.24,4.56,958.50,4374,5.00,5.05
402.00,0.24,4.59,954.00,4377,3.00,5.04
396.00,0.23,4.61,950.60,4382,5.00,5.04
405.00,0.24,4.63,944.20,4371,-11.00,5.04
406.00,0.24,4.60,950.80,4380,9.00,5.05
393.00,0.24,4.59,955.10,4384,4.00,5.04
394.00,0.24,4.56,959.30,4379,-5.00,5.05
401.00,0.24,4.59,960.10,4402,23.00,5.05
397.00,0.24,4.60,952.00,4387,-15.00,5.05
397.00,0.24,4.59,956.70,4387,0.00,5.05
396.00,0.25,4.57,960.60,4389,2.00,5.05
398.00,0.25,4.55,966.70,4394,5.00,5.05
406.00,0.25,4.52,971.10,4392,-2.00,5.04
403.00,0.24,4.55,966.00,4396,4.00,5.04
397.00,0.24,4.57,962.00,4397,1.00,5.05
407.00,0.24,4.59,956.80,4393,-4.00,5.04
407.00,0.24,4.56,960.80,4386,-7.00,5.04
409.00,0.24,4.59,956.10,4386,0.00,5.04
408.00,0.24,4.60,948.00,4366,-20.00,5.04
408.00,0.24,4.59,954.20,4379,13.00,5.04
409.00,0.24,4.56,955.70,4364,-15.00,5.04
406.00,0.24,4.59,950.90,4360,-4.00,5.04
410.00,0.25,4.56,956.50,4364,4.00,5.04
410.00,0.24,4.54,960.60,4359,-5.00,5.04
403.00,0.25,4.56,955.00,4357,-2.00,5.04
407.00,0.25,4.54,960.70,4361,4.00,5.04
402.00,0.25,4.52,963.20,4358,11.00,5.04
402.00,0.25,4.50,967.80,4355,-3.00,5.04
401.00,0.25,4.52,964.90,4359,4.00,5.04
402.00,0.25,4.54,957.20,4347,-12.00,5.04
413.00,0.25,4.52,961.40,4342,-5.00,5.04
412.00,0.24,4.54,957.80,4347,5.00,5.04
410.00,0.25,4.56,951.80,4344,-3.00,5.04
416.00,0.24,4.54,955.50,4336,-8.00,5.04
403.00,0.24,4.56,951.70,4348,12.00,5.04
412.00,0.24,4.58,946.60,4335,-13.00,5.04
407.00,0.25,4.56,952.90,4346,11.00,5.04
411.00,0.24,4.54,956.40,4340,-6.00,5.04
415.00,0.25,4.56,951.30,4337,-3.00,5.04
405.00,0.25,4.54,956.10,4338,1.00,5.04
410.00,0.25,4.52,961.30,4338,0.00,5.04
411.00,0.26,4.50,964.20,4342,4.00,5.04
409.00,0.25,4.48,968.60,4338,-4.00,5.04
404.00,0.25,4.50,964.50,4342,4.00,5.05
402.00,0.25,4.56,954.60,4344,-10.00,5.12
410.00,0.26,4.57,953.90,4359,15.00,5.12
410.00,0.26,4.56,958.20,4366,7.00,5.12
405.00,0.26,4.53,992.20,4361,-5.00,5.12
412.00,0.27,4.53,987.80,4363,2.00,5.12
410.00,0.26,4.51,986.50,4359,-4.00,5.12
410.00,0.26,4.51,974.80,4355,-4.00,5.12
403.00,0.26,4.48,966.10,4355,0.00,5.11
405.00,0.26,4.50,965.20,4345,-10.00,5.11
405.00,0.27,4.52,963.40,4356,11.00,5.11
411.00,0.27,4.48,971.10,4350,-6.00,5.10
409.00,0.26,4.48,970.40,4342,-8.00,5.10
401.00,0.27,4.50,965.10,4339,-3.00,5.10
407.00,0.27,4.48,970.90,4345,6.00,5.11
417.00,0.27,3.80,88.10,341,-4004.00,4.56
401.00,0.26,4.48,972.90,4357,4016.00,5.10
412.00,0.26,4.48,971.90,4350,-7.00,5.10
408.00,0.27,4.48,972.60,4351,1.00,5.10
394.00,0.27,4.46,976.00,4345,-6.00,5.10
408.00,0.27,4.45,977.10,4350,5.00,5.10
400.00,0.27,4.45,976.10,4348,-2.00,5.10
403.00,0.27,4.45,975.90,4345,-3.00,5.10
406.00,0.27,4.43,977.50,4330,-15.00,5.10
414.00,0.27,4.45,972.80,4327,-3.00,5.10
414.00,0.27,4.43,976.40,4322,-5.00,5.10
404.00,0.27,4.45,971.30,4327,5.00,5.09
408.00,0.27,4.45,969.70,4317,-10.00,5.10
413.00,0.27,4.45,970.70,4319,2.00,5.10
403.00,0.27,4.43,974.50,4318,-3.00,5.10
406.00,0.27,4.45,970.90,4321,3.00,5.10
408.00,0.27,4.45,972.40,4331,10.00,5.10
410.00,0.27,4.45,971.60,4325,-6.00,5.10
409.00,0.27,4.43,976.10,4323,-2.00,5.10
415.00,0.27,4.45,972.40,4329,6.00,5.10
408.00,0.27,4.44,971.80,4328,-1.00,5.10
415.00,0.27,4.45,970.40,4321,-7.00,5.10
416.00,0.27,4.44,969.30,4307,-14.00,5.09
411.00,0.27,4.45,969.20,4316,9.00,5.10
413.00,0.27,4.43,973.80,4311,-5.00,5.10
416.00,0.27,4.45,970.50,4320,9.00,5.10
406.00,0.27,4.45,969.40,4317,-3.00,5.10
409.00,0.27,4.44,968.10,4303,-14.00,5.10
416.00,0.26,4.47,967.10,4315,12.00,5.10
414.00,0.26,4.49,961.00,4317,2.00,5.10
417.00,0.25,4.52,957.50,4325,8.00,5.09
405.00,0.25,4.52,957.50,4320,-5.00,5.10
418.00,0.26,4.52,960.10,4332,12.00,5.10
418.00,0.26,4.49,963.60,4328,-4.00,5.09
419.00,0.25,4.52,960.40,4334,6.00,5.10
409.00,0.26,4.53,956.20,4330,-4.00,5.09
418.00,0.26,4.52,962.30,4345,15.00,5.10
407.00,0.26,4.49,967.10,4342,-3.00,5.10
411.00,0.25,4.52,965.10,4355,13.00,5.10
409.00,0.25,4.54,959.90,4359,4.00,5.10
411.00,0.25,4.56,958.70,4367,8.00,5.10
413.00,0.24,4.58,958.60,4391,24.00,5.10
411.00,0.24,4.58,958.50,4389,-2.00,5.10
409.00,0.24,4.60,953.50,4393,4.00,5.11
402.00,0.25,4.63,951.40,4400,7.00,5.11
362.00,0.24,4.59,961.30,4407,7.00,5.10
398.00,0.24,4.63,951.30,4379,-28.00,5.11
547.00,0.24,4.59,915.70,4204,-53.00,5.09
574.00,0.24,4.60,900.70,4143,-61.00,5.09
568.00,0.25,4.58,905.20,4145,2.00,5.09
325.00,0.25,4.60,964.10,4372,6.00,5.11
319.00,0.24,4.56,939.30,4373,1.00,5.11
320.00,0.25,4.60,966.90,4377,4.00,5.11
329.00,0.25,4.59,972.30,4360,-17.00,5.11
325.00,0.25,4.56,955.60,4358,-2.00,5.11
333.00,0.25,4.56,953.20,4343,-20.00,5.10
330.00,0.24,4.56,950.30,4344,1.00,5.11
313.00,0.25,4.61,945.80,4350,6.00,5.12
314.00,0.24,4.57,950.20,4359,9.00,5.11
311.00,0.25,4.60,947.80,4356,-3.00,5.12
319.00,0.25,4.59,947.20,4347,-9.00,5.11
318.00,0.25,4.59,945.40,4342,-5.00,5.11
326.00,0.24,4.60,943.40,4340,-2.00,5.12
327.00,0.24,4.60,952.00,4333,-7.00,5.12
323.00,0.24,4.59,945.50,4340,1.00,5.11
316.00,0.24,4.61,941.90,4339,-1.00,5.11
318.00,0.24,4.61,942.10,4342,3.00,5.11
319.00,0.24,4.63,935.90,4335,-7.00,5.11
329.00,0.24,4.65,932.00,4334,-1.00,5.11
326.00,0.24,4.65,953.00,4337,3.00,5.12
329.00,0.24,4.61,923.60,4321,-16.00,5.11
330.00,0.24,4.60,920.80,4325,4.00,5.11
326.00,0.24,4.64,927.30,4312,0.00,5.11
333.00,0.24,4.62,932.00,4305,-7.00,5.11
321.00,0.24,4.63,939.30,4296,-9.00,5.11
329.00,0.24,4.60,906.80,4283,-13.00,5.10
322.00,0.24,4.60,930.70,4281,-2.00,5.10
326.00,0.25,4.62,926.20,4283,2.00,5.11
323.00,0.25,4.60,931.00,4285,2.00,5.11
327.00,0.25,4.58,940.60,4293,8.00,5.11
324.00,0.25,4.54,932.30,4298,5.00,5.10
324.00,0.25,4.58,965.70,4301,3.00,5.11
321.00,0.26,4.56,949.10,4307,6.00,5.11
318.00,0.26,4.54,960.00,4310,3.00,5.11
325.00,0.27,4.52,979.70,4326,16.00,5.11
326.00,0.27,4.48,962.90,4309,-17.00,5.10
312.00,0.26,4.48,963.60,4317,8.00,5.10
317.00,0.27,4.52,958.80,4330,1.00,5.11
323.00,0.27,4.48,939.60,4214,-116.00,5.10
316.00,0.26,4.48,967.70,4339,125.00,5.11
327.00,0.27,4.52,960.50,4346,7.00,5.11
320.00,0.26,4.50,985.70,4341,-5.00,5.11
323.00,0.26,4.48,969.10,4355,14.00,5.11
322.00,0.25,4.51,970.50,4375,20.00,5.11
323.00,0.26,4.55,964.90,4383,8.00,5.11
307.00,0.26,4.51,971.10,4378,-5.00,5.11
309.00,0.27,4.53,991.00,4382,4.00,5.11
310.00,0.26,4.48,971.60,4382,0.00,5.11
308.00,0.25,4.51,975.90,4399,17.00,5.11
318.00,0.26,4.55,966.90,4401,2.00,5.11
309.00,0.27,4.53,983.10,4406,5.00,5.12
318.00,0.26,4.51,977.00,4399,-7.00,5.11
313.00,0.27,4.48,958.50,4392,-9.00,5.11
311.00,0.27,4.51,976.80,4398,6.00,5.11
309.00,0.27,4.47,967.20,4392,-6.00,5.11
321.00,0.26,4.47,984.90,4399,7.00,5.11
319.00,0.27,4.48,974.30,4387,-12.00,5.11
300.00,0.27,4.51,976.00,4394,7.00,5.11
308.00,0.27,4.48,1000.80,4390,-4.00,5.11
314.00,0.27,4.48,979.40,4389,-1.00,5.11
321.00,0.27,4.48,979.00,4383,-6.00,5.11
320.00,0.27,4.48,989.30,4396,13.00,5.11
315.00,0.27,4.44,960.50,4388,-8.00,5.10
313.00,0.27,4.44,986.10,4381,-7.00,5.10
319.00,0.27,4.44,981.80,4382,1.00,5.11
320.00,0.27,4.46,954.70,4381,-1.00,5.10
318.00,0.26,4.46,981.70,4383,2.00,5.11
310.00,0.27,4.48,979.20,4394,-4.00,5.11
309.00,0.26,4.48,960.90,4395,1.00,5.11
322.00,0.25,4.51,969.20,4402,7.00,5.11
308.00,0.26,4.56,1001.10,4425,23.00,5.11
310.00,0.26,4.51,979.00,4416,-9.00,5.11
306.00,0.27,4.53,976.80,4425,7.00,5.12
316.00,0.26,4.51,990.80,4414,-11.00,5.12
315.00,0.26,4.51,1007.20,4406,-8.00,5.11
304.00,0.26,4.51,979.50,4410,-4.00,5.11
319.00,0.27,4.51,980.40,4414,4.00,5.11
317.00,0.27,4.47,985.10,4396,-18.00,5.11
313.00,0.26,4.47,983.60,4398,2.00,5.11
304.00,0.26,4.48,980.70,4400,2.00,5.11
310.00,0.27,4.53,977.90,4399,2.00,5.11
316.00,0.27,4.48,978.60,4391,-8.00,5.11
321.00,0.26,4.51,976.40,4381,-10.00,5.11
314.00,0.27,4.48,974.20,4368,-13.00,5.10
323.00,0.26,4.50,970.60,4366,-2.00,5.11
325.00,0.26,4.48,952.00,4366,0.00,5.11
311.00,0.26,4.52,976.90,4369,-7.00,5.11
319.00,0.26,4.50,968.90,4359,-10.00,5.10
313.00,0.25,4.50,969.50,4364,5.00,5.10
324.00,0.25,4.52,953.90,4368,4.00,5.10
323.00,0.25,4.56,957.10,4364,-4.00,5.11
316.00,0.25,4.55,960.10,4365,6.00,5.11
321.00,0.25,4.59,956.50,4363,-2.00,5.11
317.00,0.24,4.56,956.80,4367,4.00,5.11
317.00,0.25,4.61,949.80,4379,6.00,5.11
315.00,0.25,4.59,954.50,4378,-1.00,5.11
317.00,0.25,4.57,949.80,4374,-4.00,5.11
314.00,0.25,4.59,979.60,4387,13.00,5.11
321.00,0.25,4.55,965.00,4389,2.00,5.11
320.00,0.25,4.59,955.70,4386,-3.00,5.11
310.00,0.24,4.57,960.20,4388,2.00,5.11
319.00,0.24,4.60,957.60,4393,5.00,5.11
312.00,0.24,4.64,963.40,4383,-11.00,5.11
313.00,0.25,4.64,975.00,4385,2.00,5.11
322.00,0.25,4.59,954.80,4378,-7.00,5.11
319.00,0.24,4.59,954.50,4385,7.00,5.11
313.00,0.24,4.61,952.70,4401,16.00,5.11
308.00,0.24,4.64,949.70,4399,-2.00,5.11
309.00,0.24,4.65,943.40,4392,-7.00,5.11
308.00,0.24,4.65,945.40,4387,-5.00,5.11
321.00,0.24,4.66,952.70,4387,0.00,5.11
312.00,0.24,4.61,926.40,4385,-2.00,5.11
319.00,0.24,4.64,943.80,4372,-13.00,5.11
326.00,0.24,4.63,942.30,4365,-7.00,5.11
318.00,0.24,4.63,958.70,4359,-6.00,5.11
320.00,0.24,4.63,940.80,4354,-5.00,5.11
328.00,0.24,4.61,945.20,4355,1.00,5.10
315.00,0.24,4.65,939.30,4369,13.00,5.11
320.00,0.25,4.63,944.40,4375,6.00,5.11
316.00,0.24,4.61,948.70,4365,-10.00,5.11
317.00,0.24,4.61,945.20,4354,-11.00,5.11
327.00,0.25,4.59,946.40,4348,-6.00,5.10
329.00,0.25,4.59,930.70,4343,-5.00,5.10
321.00,0.25,4.59,948.40,4349,6.00,5.11
328.00,0.25,4.59,948.40,4351,2.00,5.11
317.00,0.25,4.54,956.20,4344,-7.00,5.10
324.00,0.25,4.54,953.70,4331,-13.00,5.10
325.00,0.26,4.56,970.20,4347,16.00,5.10
321.00,0.26,4.55,957.50,4345,-2.00,5.10
320.00,0.26,4.52,961.20,4355,10.00,5.11
316.00,0.27,4.50,967.50,4356,1.00,5.10
321.00,0.26,4.48,970.50,4344,-12.00,5.10
322.00,0.27,4.48,972.90,4358,14.00,5.10
311.00,0.27,4.48,972.70,4354,-4.00,5.10
320.00,0.27,4.46,978.00,4360,6.00,5.10
312.00,0.27,4.44,982.60,4359,-1.00,5.10
309.00,0.28,4.44,982.10,4359,0.00,5.10
306.00,0.27,4.44,984.80,4367,8.00,5.10
312.00,0.27,4.44,969.10,4365,-2.00,5.10
308.00,0.27,4.46,982.10,4375,10.00,5.11
308.00,0.27,4.46,981.20,4375,0.00,5.10
306.00,0.27,4.44,983.60,4363,-12.00,5.10
312.00,0.28,4.44,983.90,4367,4.00,5.10
315.00,0.27,4.42,984.70,4349,-18.00,5.10
315.00,0.28,4.41,986.20,4353,4.00,5.10
311.00,0.28,4.40,987.60,4337,-16.00,5.10
316.00,0.29,4.40,988.60,4340,3.00,5.10
315.00,0.28,4.37,990.00,4329,-11.00,5.10
309.00,0.28,4.40,987.20,4329,0.00,5.10
305.00,0.27,4.42,987.00,4360,31.00,5.10
310.00,0.27,4.42,985.50,4344,-16.00,5.10
309.00,0.28,4.42,986.50,4360,16.00,5.10
311.00,0.28,4.40,988.70,4345,-15.00,5.10
317.00,0.29,4.40,989.30,4349,4.00,5.10
305.00,0.28,4.37,992.90,4341,-8.00,5.10
308.00,0.28,4.40,990.40,4352,11.00,5.10
315.00,0.29,4.40,993.00,4366,14.00,5.10
316.00,0.28,4.36,996.70,4355,-11.00,5.10
299.00,0.29,4.37,996.30,4356,1.00,5.10
303.00,0.28,4.38,1000.40,4374,18.00,5.10
312.00,0.29,4.37,1000.60,4377,3.00,5.10
307.00,0.29,4.36,1004.00,4374,-3.00,5.10
302.00,0.29,4.36,1007.80,4391,17.00,5.10
292.00,0.29,4.33,1009.50,4374,-17.00,5.10
300.00,0.29,4.32,990.40,4385,11.00,5.10
296.00,0.29,4.36,1010.00,4403,18.00,5.10
307.00,0.29,4.33,1011.40,4386,-17.00,5.10
300.00,0.29,4.33,1011.90,4390,4.00,5.10
298.00,0.28,4.36,985.50,4400,10.00,5.10
303.00,0.28,4.40,1006.50,4414,-7.00,5.11
293.00,0.28,4.38,1007.20,4418,4.00,5.11
294.00,0.29,4.43,1006.70,4434,16.00,5.11
303.00,0.29,4.38,1009.20,4421,-13.00,5.11
300.00,0.29,4.40,1009.00,4435,14.00,5.11
300.00,0.29,4.37,1016.10,4420,-15.00,5.11
290.00,0.28,4.36,984.00,4422,2.00,5.11
302.00,0.28,4.38,1010.90,4430,8.00,5.11
295.00,0.28,4.43,1004.30,4443,-15.00,5.11
300.00,0.27,4.40,998.00,4449,6.00,5.11
286.00,0.27,4.43,1004.50,4453,4.00,5.11
293.00,0.28,4.47,1000.70,4459,6.00,5.12
284.00,0.28,4.43,978.50,4457,-2.00,5.11
298.00,0.28,4.43,985.80,4448,-9.00,5.11
300.00,0.28,4.45,1000.90,4453,4.00,5.12
295.00,0.28,4.43,1007.80,4438,-15.00,5.12
298.00,0.29,4.43,1005.90,4444,6.00,5.12
296.00,0.29,4.38,989.50,4424,-20.00,5.11
298.00,0.29,4.40,1008.80,4435,11.00,5.12
294.00,0.29,4.38,1010.60,4422,1.00,5.11
299.00,0.29,4.34,1012.20,4414,-8.00,5.11
295.00,0.29,4.36,1011.60,4402,-12.00,5.11
300.00,0.29,4.36,1026.30,4401,-1.00,5.11
290.00,0.29,4.33,1009.60,4377,-24.00,5.10
299.00,0.29,4.33,992.60,4388,11.00,5.10
291.00,0.28,4.36,1009.70,4400,12.00,5.10
291.00,0.29,4.40,1004.00,4417,17.00,5.11
302.00,0.29,4.38,1011.90,4394,-23.00,5.11
300.00,0.29,4.36,1007.00,4393,-3.00,5.11
297.00,0.29,4.36,1005.40,4382,-11.00,5.11
300.00,0.29,4.38,1019.90,4392,10.00,5.11
293.00,0.29,4.33,1006.80,4364,-28.00,5.10
288.00,0.30,4.33,1010.20,4371,7.00,5.10
305.00,0.29,4.31,1009.50,4346,-25.00,5.10
296.00,0.30,4.31,1010.00,4350,4.00,5.10
297.00,0.30,4.28,1010.30,4331,-19.00,5.10
302.00,0.29,4.31,1011.60,4356,25.00,5.10
304.00,0.29,4.31,1008.20,4342,-5.00,5.10
301.00,0.29,4.33,1006.50,4360,18.00,5.10
289.00,0.29,4.36,1003.50,4365,5.00,5.10
289.00,0.29,4.35,1001.40,4356,-9.00,5.10
302.00,0.29,4.35,1000.30,4349,-7.00,5.10
300.00,0.29,4.35,1001.00,4351,2.00,5.10
304.00,0.29,4.32,1000.50,4321,-30.00,5.10
307.00,0.29,4.35,995.60,4327,6.00,5.10
309.00,0.29,4.37,990.80,4326,-1.00,5.10
306.00,0.29,4.35,995.20,4323,-3.00,5.10
311.00,0.28,4.37,991.70,4333,10.00,5.10
309.00,0.28,4.39,990.10,4345,12.00,5.10
301.00,0.27,4.41,985.80,4351,6.00,5.10
303.00,0.28,4.41,986.00,4352,1.00,5.10
311.00,0.28,4.39,990.10,4345,-7.00,5.10
303.00,0.29,4.40,990.70,4355,10.00,5.10
304.00,0.28,4.37,993.30,4345,-10.00,5.10
313.00,0.29,4.39,988.90,4338,-7.00,5.10
309.00,0.29,4.37,993.30,4342,4.00,5.10
297.00,0.29,4.35,996.30,4328,-14.00,5.09
315.00,0.28,4.37,993.10,4341,13.00,5.10
305.00,0.28,4.40,991.20,4355,14.00,5.10
308.00,0.28,4.39,990.80,4346,-9.00,5.10
317.00,0.29,4.40,990.00,4347,1.00,5.10
312.00,0.28,4.37,994.00,4346,-1.00,5.10
316.00,0.28,4.37,993.00,4341,-5.00,5.10
318.00,0.28,4.40,990.50,4345,4.00,5.10
309.00,0.29,4.39,992.30,4362,17.00,5.10
313.00,0.28,4.37,994.00,4348,-14.00,5.10
315.00,0.28,4.40,991.60,4359,11.00,5.10
302.00,0.27,4.42,989.00,4365,6.00,5.10
307.00,0.28,4.42,990.30,4378,13.00,5.10
312.00,0.27,4.42,991.90,4383,5.00,5.10
310.00,0.27,4.42,989.20,4369,-14.00,5.10
310.00,0.27,4.42,989.10,4364,-5.00,5.10
311.00,0.28,4.42,989.80,4374,10.00,5.10
315.00,0.28,4.40,992.80,4367,-7.00,5.10
311.00,0.29,4.40,994.20,4371,4.00,5.10
305.00,0.28,4.37,994.50,4347,-24.00,5.10
316.00,0.28,4.40,991.30,4355,8.00,5.10
311.00,0.29,4.40,993.80,4363,8.00,5.10
342.00,0.28,3.60,69.00,259,-4104.00,4.54
320.00,0.28,3.92,286.40,856,597.00,4.68
314.00,0.27,4.42,989.70,4375,3519.00,5.11
309.00,0.28,4.42,983.20,4373,-2.00,5.10
317.00,0.27,4.41,989.50,4373,0.00,5.10
311.00,0.28,4.46,986.20,4381,8.00,5.11
317.00,0.27,4.42,989.10,4374,-7.00,5.10
316.00,0.28,4.44,985.70,4372,-2.00,5.10
320.00,0.27,4.44,1011.10,4364,-8.00,5.11
322.00,0.27,4.41,983.80,4344,-20.00,5.10
327.00,0.27,4.41,982.30,4331,-13.00,5.10
319.00,0.27,4.41,981.20,4329,-2.00,5.10
315.00,0.27,4.44,979.50,4344,15.00,5.10
313.00,0.28,4.44,980.60,4351,7.00,5.10
320.00,0.28,4.41,987.00,4355,4.00,5.10
320.00,0.29,4.40,991.20,4361,6.00,5.10
315.00,0.28,4.37,992.30,4338,-23.00,5.10
325.00,0.29,4.39,984.20,4313,-25.00,5.10
347.00,0.29,4.37,954.20,4172,-77.00,5.08
350.00,0.28,4.35,952.80,4139,-33.00,5.08
354.00,0.29,4.36,944.00,4121,-18.00,5.06
365.00,0.28,4.33,931.60,4033,-88.00,5.06
399.00,0.29,4.32,886.60,3839,-194.00,5.04
453.00,0.28,4.25,816.90,3489,-350.00,4.99
509.00,0.29,4.23,743.80,3148,-341.00,4.96
556.00,0.28,4.17,686.50,2867,-281.00,4.91
586.00,0.29,4.16,647.00,2696,-171.00,4.89
604.00,0.28,4.12,616.60,2546,-150.00,4.87
641.00,0.29,4.12,578.80,2384,-162.00,4.85
673.00,0.28,4.07,538.00,2192,-192.00,4.83
691.00,0.29,4.07,507.80,2067,-125.00,4.81
706.00,0.28,4.04,490.30,1980,-87.00,4.79
735.00,0.29,4.04,460.00,1858,-77.00,4.77
756.00,0.28,4.00,427.90,1712,-146.00,4.75
784.00,0.29,4.00,398.00,1592,-120.00,4.74
787.00,0.28,3.97,396.70,1574,-18.00,4.74
784.00,0.28,4.00,400.00,1599,25.00,4.74
773.00,0.27,4.03,411.00,1652,53.00,4.75
762.00,0.27,4.06,427.40,1733,81.00,4.76
742.00,0.27,4.10,449.60,1842,109.00,4.77
728.00,0.26,4.13,467.60,1932,90.00,4.78
712.00,0.26,4.17,481.70,2006,74.00,4.79
701.00,0.25,4.20,496.60,2083,77.00,4.81
695.00,0.25,4.23,507.60,2147,64.00,4.82
693.00,0.25,4.25,508.00,2159,12.00,4.82
694.00,0.25,4.27,498.70,2130,-29.00,4.82
705.00,0.25,4.24,493.60,2093,-37.00,4.81
706.00,0.25,4.26,487.40,2076,-17.00,4.81
705.00,0.25,4.24,490.50,2082,6.00,4.81
689.00,0.26,4.23,504.50,2130,48.00,4.82
680.00,0.26,4.23,532.70,2247,117.00,4.83
641.00,0.27,4.24,575.60,2435,188.00,4.86
604.00,0.27,4.24,622.20,2637,202.00,4.88
583.00,0.27,4.24,655.20,2776,139.00,4.89
565.00,0.28,4.23,668.70,2826,50.00,4.90
574.00,0.27,4.20,665.70,2801,-25.00,4.90
587.00,0.28,4.21,647.70,2735,-66.00,4.89
612.00,0.27,4.17,616.10,2577,-158.00,4.88
651.00,0.28,4.16,564.60,2351,-226.00,4.85
704.00,0.27,4.09,498.10,2047,-304.00,4.81
766.00,0.28,4.06,419.70,1708,-339.00,4.76
833.00,0.27,3.98,339.20,1357,-351.00,4.71
889.00,0.28,3.95,272.20,1082,-275.00,4.66
919.00,0.27,3.91,236.40,924,-158.00,4.64
932.00,0.28,3.92,220.90,864,-60.00,4.63
934.00,0.27,3.89,218.80,852,-12.00,4.63
937.00,0.28,3.91,216.30,847,-5.00,4.63
938.00,0.27,3.88,211.00,820,-27.00,4.63
947.00,0.28,3.90,202.20,787,-33.00,4.62
956.00,0.27,3.88,192.90,747,-40.00,4.61
964.00,0.28,3.88,182.20,708,-39.00,4.61
971.00,0.27,3.86,173.40,672,-36.00,4.60
975.00,0.28,3.88,169.20,656,-16.00,4.60
974.00,0.28,3.86,171.10,659,3.00,4.60
963.00,0.29,3.84,181.70,698,39.00,4.61
952.00,0.29,3.84,198.90,763,65.00,4.62
937.00,0.29,3.83,214.60,822,59.00,4.63
924.00,0.30,3.82,228.10,870,48.00,4.63
918.00,0.30,3.80,239.90,910,40.00,4.64
910.00,0.31,3.79,244.20,924,14.00,4.64
913.00,0.30,3.76,241.90,909,-15.00,4.64
920.00,0.31,3.78,234.40,886,-23.00,4.63
929.00,0.30,3.75,222.60,836,-50.00,4.63
940.00,0.31,3.76,207.90,784,-52.00,4.62
952.00,0.30,3.73,193.20,720,-64.00,4.61
965.00,0.31,3.74,177.30,662,-58.00,4.60
978.00,0.31,3.71,161.40,599,-63.00,4.59
990.00,0.31,3.69,147.80,545,-54.00,4.58
997.00,0.30,3.71,144.00,511,-34.00,4.59
998.00,0.31,3.68,123.20,500,-11.00,4.58
997.00,0.30,3.66,282.40,502,2.00,4.62
994.00,0.29,3.71,129.90,520,18.00,4.58
987.00,0.29,3.74,137.30,552,32.00,4.59
977.00,0.30,3.76,159.20,598,46.00,4.59
964.00,0.29,3.78,175.10,659,61.00,4.60
924.00,0.29,3.84,222.10,847,105.00,4.63
898.00,0.28,3.88,252.50,976,129.00,4.65
867.00,0.28,3.92,287.60,1124,148.00,4.68
836.00,0.27,3.98,326.60,1292,168.00,4.70
800.00,0.27,4.03,367.50,1475,183.00,4.73
762.00,0.27,4.08,412.20,1674,199.00,4.75
723.00,0.26,4.14,456.00,1881,207.00,4.78
692.00,0.26,4.19,500.10,2089,208.00,4.81
658.00,0.25,4.24,541.70,2294,205.00,4.84
616.00,0.25,4.29,584.90,2508,214.00,4.87
585.00,0.25,4.35,628.80,2728,220.00,4.90
543.00,0.24,4.40,671.40,2953,225.00,4.92
509.00,0.24,4.46,714.70,3175,222.00,4.96
480.00,0.24,4.51,755.70,3405,230.00,4.99
439.00,0.23,4.56,792.90,3611,206.00,5.01
413.00,0.23,4.60,823.50,3790,179.00,5.03
381.00,0.22,4.65,850.60,3947,157.00,5.05
360.00,0.22,4.70,891.10,4184,108.00,5.09
340.00,0.22,4.73,905.10,4283,99.00,5.10
330.00,0.22,4.76,914.80,4354,71.00,5.11
308.00,0.23,4.75,930.50,4418,64.00,5.12
305.00,0.22,4.72,947.90,4466,48.00,5.12
293.00,0.23,4.76,947.80,4511,45.00,5.13
289.00,0.23,4.75,957.70,4548,37.00,5.13
291.00,0.22,4.71,969.80,4573,25.00,5.13
277.00,0.22,4.73,972.90,4599,26.00,5.13
277.00,0.22,4.76,972.10,4623,24.00,5.13
279.00,0.21,4.78,968.30,4629,6.00,5.14
280.00,0.21,4.80,964.40,4630,1.00,5.13
275.00,0.22,4.84,965.30,4637,7.00,5.14
269.00,0.22,4.82,983.60,4653,16.00,5.14
274.00,0.22,4.80,970.70,4663,10.00,5.14
264.00,0.23,4.78,978.10,4678,15.00,5.14
260.00,0.22,4.74,989.00,4690,12.00,5.14
253.00,0.22,4.79,980.20,4689,-1.00,5.15
264.00,0.22,4.76,986.80,4702,13.00,5.14
258.00,0.22,4.80,974.90,4688,-14.00,5.14
259.00,0.21,4.79,982.50,4699,11.00,5.14
262.00,0.21,4.83,971.40,4690,-9.00,5.14
259.00,0.22,4.80,976.70,4688,-2.00,5.14
259.00,0.22,4.80,975.80,4685,-3.00,5.14
255.00,0.22,4.80,973.80,4683,-2.00,5.14
256.00,0.22,4.83,985.10,4687,4.00,5.14
257.00,0.22,4.80,976.30,4689,2.00,5.14
246.00,0.23,4.79,982.10,4699,10.00,5.15
246.00,0.23,4.76,992.10,4701,2.00,5.15
241.00,0.23,4.72,972.20,4699,-2.00,5.14
244.00,0.22,4.72,996.80,4700,1.00,5.14
243.00,0.23,4.76,981.90,4692,-8.00,5.16
251.00,0.22,4.77,983.10,4690,-2.00,5.15
253.00,0.22,4.76,983.40,4687,-3.00,5.15
244.00,0.23,4.74,987.40,4683,-4.00,5.14
246.00,0.23,4.76,1000.60,4684,1.00,5.15
241.00,0.23,4.74,986.10,4675,-9.00,5.14
242.00,0.23,4.73,984.90,4659,-16.00,5.14
242.00,0.22,4.72,963.70,4665,6.00,5.14
250.00,0.23,4.73,984.80,4661,-4.00,5.14
239.00,0.22,4.76,997.20,4655,-6.00,5.14
244.00,0.23,4.73,983.10,4653,-2.00,5.13
237.00,0.22,4.76,978.90,4650,-3.00,5.14
246.00,0.23,4.73,959.20,4643,-7.00,5.13
241.00,0.23,4.73,980.30,4639,-4.00,5.14
233.00,0.23,4.76,983.60,4642,3.00,5.14
243.00,0.23,4.71,980.10,4634,-8.00,5.13
236.00,0.23,4.71,983.20,4628,-6.00,5.13
229.00,0.24,4.73,989.30,4633,5.00,5.14
239.00,0.23,4.70,980.50,4617,-2.00,5.13
240.00,0.24,4.68,984.00,4609,-8.00,5.13
242.00,0.23,4.68,967.40,4616,7.00,5.13
234.00,0.23,4.72,990.40,4598,-7.00,5.14
239.00,0.23,4.70,975.30,4587,-11.00,5.13
236.00,0.23,4.72,970.70,4583,-4.00,5.13
240.00,0.23,4.70,958.70,4578,-5.00,5.13
240.00,0.24,4.72,970.70,4582,4.00,5.13
234.00,0.23,4.68,973.20,4569,1.00,5.12
229.00,0.23,4.72,992.60,4557,-12.00,5.12
241.00,0.23,4.70,952.50,4555,-2.00,5.12
241.00,0.23,4.69,952.10,4548,-10.00,5.12
241.00,0.23,4.70,961.20,4540,-8.00,5.12
231.00,0.23,4.72,963.50,4537,-3.00,5.13
234.00,0.22,4.70,968.50,4543,6.00,5.12
240.00,0.23,4.72,962.50,4535,-8.00,5.12
238.00,0.22,4.72,962.00,4538,3.00,5.12
230.00,0.22,4.74,957.10,4535,-3.00,5.12
238.00,0.22,4.74,956.50,4527,-8.00,5.12
230.00,0.22,4.76,962.00,4523,-2.00,5.12
234.00,0.22,4.73,944.50,4519,-4.00,5.12
223.00,0.23,4.76,970.40,4523,4.00,5.12
228.00,0.22,4.72,956.40,4511,-12.00,5.10
235.00,0.23,4.70,963.30,4526,15.00,5.10
237.00,0.23,4.68,965.10,4513,-13.00,5.10
236.00,0.24,4.68,966.50,4516,3.00,5.10
235.00,0.24,4.66,973.40,4525,9.00,5.10
223.00,0.24,4.65,971.20,4518,-7.00,5.10
231.00,0.24,4.64,975.50,4521,3.00,5.10
231.00,0.25,4.61,980.40,4523,2.00,5.10
226.00,0.25,4.61,980.60,4521,-2.00,5.10
234.00,0.25,4.61,980.30,4520,-1.00,5.10
232.00,0.25,4.61,979.80,4518,-2.00,5.10
234.00,0.24,4.59,982.10,4505,-13.00,5.10
236.00,0.24,4.61,977.30,4505,0.00,5.10
223.00,0.24,4.60,976.70,4496,-9.00,5.10
238.00,0.24,4.63,970.70,4494,-2.00,5.10
234.00,0.24,4.60,975.00,4483,-11.00,5.10
232.00,0.25,4.61,975.90,4495,12.00,5.10
239.00,0.24,4.58,979.70,4490,-5.00,5.10
238.00,0.25,4.59,980.90,4499,9.00,5.10
229.00,0.25,4.56,983.30,4489,-10.00,5.09
234.00,0.25,4.59,978.70,4485,-4.00,5.10
228.00,0.25,4.56,984.00,4489,6.00,5.09
242.00,0.25,4.54,985.60,4476,-13.00,5.09
242.00,0.25,4.56,982.80,4486,10.00,5.10
244.00,0.24,4.58,979.50,4496,10.00,5.10
242.00,0.24,4.60,977.50,4500,4.00,5.10
243.00,0.24,4.63,971.40,4497,-3.00,5.09
245.00,0.24,4.63,971.10,4496,-1.00,5.10
243.00,0.24,4.63,971.00,4495,-1.00,5.10
248.00,0.25,4.61,977.10,4506,11.00,5.10
241.00,0.24,4.59,980.90,4500,-6.00,5.10
247.00,0.24,4.61,975.30,4500,0.00,5.10
237.00,0.25,4.61,976.70,4504,4.00,5.10
250.00,0.24,4.59,980.90,4503,-1.00,5.10
249.00,0.24,4.61,1000.00,4502,-1.00,5.10
240.00,0.25,4.59,982.00,4502,0.00,5.10
252.00,0.24,4.58,982.00,4497,14.00,5.09
248.00,0.24,4.58,981.70,4495,-2.00,5.09
252.00,0.25,4.65,970.60,4509,14.00,5.16
257.00,0.00,5.78,51.00,288,-4221.00,11.05
17.00,0.00,5.81,3.80,22,-266.00,5.25
16.00,0.00,5.81,4.20,23,1.00,5.25
16.00,0.00,5.81,3.90,22,1.00,5.25
16.00,0.00,5.80,2.40,23,1.00,5.36
